age,education,wage
50,5. Advanced Degree,212.8423523
38,4. College Grad,200.5432623
57,5. Advanced Degree,200.5432623
59,5. Advanced Degree,200.5432623
37,4. College Grad,200.5432623
45,4. College Grad,200.5432623
35,5. Advanced Degree,200.5432623
45,5. Advanced Degree,200.5432623
43,5. Advanced Degree,200.5432623
27,5. Advanced Degree,200.5432623
45,5. Advanced Degree,200.5432623
30,4. College Grad,200.5432623
48,4. College Grad,200.5432623
59,5. Advanced Degree,200.5432623
63,5. Advanced Degree,200.5432623
54,4. College Grad,200.5432623
38,5. Advanced Degree,200.5432623
36,5. Advanced Degree,200.5432623
43,5. Advanced Degree,200.5432623
39,5. Advanced Degree,198.3502905
42,5. Advanced Degree,198.3502905
40,5. Advanced Degree,198.3502905
61,5. Advanced Degree,196.1252726
33,4. College Grad,196.1252726
37,5. Advanced Degree,196.1252726
45,5. Advanced Degree,196.1252726
43,4. College Grad,196.1252726
55,5. Advanced Degree,195.676308
40,3. Some College,193.8668781
53,4. College Grad,193.4526069
35,5. Advanced Degree,193.4110705
43,5. Advanced Degree,191.5736835
51,5. Advanced Degree,191.5736835
49,5. Advanced Degree,191.5736835
52,4. College Grad,191.5736835
46,5. Advanced Degree,190.5476786
59,5. Advanced Degree,189.2441629
37,4. College Grad,189.2441629
72,5. Advanced Degree,189.2441629
51,4. College Grad,189.2441629
42,4. College Grad,186.8766776
50,5. Advanced Degree,186.8766776
30,3. Some College,186.8766776
41,4. College Grad,186.8766776
38,5. Advanced Degree,186.8766776
33,5. Advanced Degree,185.9186629
46,4. College Grad,185.2833171
47,4. College Grad,184.4694642
43,5. Advanced Degree,184.1671358
42,5. Advanced Degree,182.020621
59,5. Advanced Degree,182.020621
29,3. Some College,182.020621
47,5. Advanced Degree,182.020621
30,4. College Grad,182.020621
44,5. Advanced Degree,182.020621
40,2. HS Grad,182.020621
37,5. Advanced Degree,182.020621
50,4. College Grad,182.020621
50,5. Advanced Degree,182.020621
37,4. College Grad,180.7799522
38,5. Advanced Degree,180.7799522
41,5. Advanced Degree,180.0301971
53,3. Some College,179.5280922
38,5. Advanced Degree,179.5280922
36,5. Advanced Degree,179.214858
51,4. College Grad,178.7006572
28,4. College Grad,178.5330504
43,5. Advanced Degree,176.9906754
57,5. Advanced Degree,176.9896505
51,5. Advanced Degree,176.9896505
40,4. College Grad,176.9896505
36,3. Some College,176.9896505
48,5. Advanced Degree,176.9896505
61,5. Advanced Degree,176.9896505
57,4. College Grad,176.9896505
38,3. Some College,176.9896505
38,5. Advanced Degree,176.9896505
53,4. College Grad,176.9896505
38,4. College Grad,176.9896505
49,3. Some College,176.9896505
47,4. College Grad,176.9896505
31,5. Advanced Degree,176.9896505
76,5. Advanced Degree,176.9896505
48,5. Advanced Degree,176.9896505
52,5. Advanced Degree,176.9896505
42,4. College Grad,176.9896505
49,2. HS Grad,176.9896505
40,5. Advanced Degree,176.9896505
52,5. Advanced Degree,176.9896505
31,5. Advanced Degree,176.9896505
45,4. College Grad,176.9896505
50,2. HS Grad,176.9896505
42,5. Advanced Degree,176.9896505
45,4. College Grad,176.9896505
53,5. Advanced Degree,176.9896505
44,4. College Grad,176.9896505
54,4. College Grad,176.9896505
41,4. College Grad,176.9896505
50,3. Some College,176.9896505
37,4. College Grad,176.9896505
47,4. College Grad,176.9896505
43,4. College Grad,176.9896505
37,3. Some College,176.9896505
50,3. Some College,175.9608831
49,4. College Grad,175.9329977
39,4. College Grad,175.4435493
47,4. College Grad,174.402876
55,5. Advanced Degree,173.8794933
24,4. College Grad,172.2172655
40,2. HS Grad,171.7651326
47,3. Some College,171.7651326
31,5. Advanced Degree,171.7651326
63,5. Advanced Degree,171.7651326
43,4. College Grad,171.7651326
59,5. Advanced Degree,171.7651326
55,4. College Grad,171.7651326
38,5. Advanced Degree,171.7651326
42,4. College Grad,170.6951277
44,5. Advanced Degree,170.6951277
62,5. Advanced Degree,170.4601659
54,4. College Grad,170.1568344
62,4. College Grad,169.8003423
44,3. Some College,169.528538
46,3. Some College,169.07354
34,4. College Grad,169.07354
37,2. HS Grad,169.07354
33,5. Advanced Degree,167.9811282
43,4. College Grad,167.7065756
40,3. Some College,166.8793833
31,4. College Grad,166.3249412
54,4. College Grad,166.3249412
46,2. HS Grad,166.3249412
55,5. Advanced Degree,166.3249412
45,3. Some College,166.3249412
40,5. Advanced Degree,166.3249412
38,5. Advanced Degree,166.3249412
46,5. Advanced Degree,166.3249412
42,4. College Grad,166.3249412
34,4. College Grad,166.3249412
49,2. HS Grad,166.3249412
40,4. College Grad,166.3249412
44,5. Advanced Degree,166.3249412
51,3. Some College,166.3249412
39,5. Advanced Degree,166.3249412
44,4. College Grad,166.3249412
49,3. Some College,165.2087738
38,4. College Grad,164.6469889
60,4. College Grad,164.6469889
45,5. Advanced Degree,163.515864
56,5. Advanced Degree,163.515864
47,5. Advanced Degree,163.515864
48,5. Advanced Degree,163.515864
48,4. College Grad,163.515864
44,5. Advanced Degree,163.515864
36,5. Advanced Degree,163.515864
39,4. College Grad,163.515864
36,4. College Grad,163.515864
54,5. Advanced Degree,163.515864
40,5. Advanced Degree,163.515864
43,5. Advanced Degree,163.515864
40,4. College Grad,163.515864
34,5. Advanced Degree,163.515864
38,4. College Grad,162.9464607
37,4. College Grad,161.9149514
47,4. College Grad,161.2224955
26,4. College Grad,160.6436382
40,4. College Grad,160.6424754
29,4. College Grad,160.6424754
51,2. HS Grad,160.6424754
39,5. Advanced Degree,160.6424754
48,3. Some College,160.6424754
47,5. Advanced Degree,160.6424754
44,4. College Grad,160.6424754
44,5. Advanced Degree,160.6424754
42,5. Advanced Degree,160.6424754
52,3. Some College,160.6424754
48,4. College Grad,160.6424754
55,4. College Grad,160.6424754
43,5. Advanced Degree,160.6424754
46,4. College Grad,160.6424754
43,5. Advanced Degree,160.6424754
38,4. College Grad,160.6424754
53,5. Advanced Degree,160.6424754
34,4. College Grad,160.6424754
47,4. College Grad,160.6424754
44,4. College Grad,160.6424754
38,5. Advanced Degree,160.6424754
42,4. College Grad,160.6424754
45,5. Advanced Degree,160.6424754
42,4. College Grad,160.6424754
47,5. Advanced Degree,160.6424754
49,5. Advanced Degree,160.6424754
47,4. College Grad,160.6424754
67,5. Advanced Degree,160.6424754
38,2. HS Grad,160.6424754
44,4. College Grad,160.6424754
45,5. Advanced Degree,160.6424754
40,5. Advanced Degree,160.6424754
61,3. Some College,160.6424754
35,4. College Grad,160.6354986
57,5. Advanced Degree,160.409702
59,2. HS Grad,160.409702
47,4. College Grad,159.4741767
34,5. Advanced Degree,159.0520271
42,2. HS Grad,158.2946214
41,5. Advanced Degree,158.2946214
54,2. HS Grad,158.1736623
35,5. Advanced Degree,157.7005277
41,4. College Grad,157.7005277
50,5. Advanced Degree,157.7005277
46,2. HS Grad,157.7005277
46,5. Advanced Degree,157.7005277
45,3. Some College,157.7005277
57,4. College Grad,157.1035043
43,4. College Grad,156.5035109
39,5. Advanced Degree,156.5035109
53,4. College Grad,155.9005061
45,4. College Grad,155.9005061
35,5. Advanced Degree,154.9902603
41,5. Advanced Degree,154.8683672
43,4. College Grad,154.685293
52,5. Advanced Degree,154.685293
38,4. College Grad,154.685293
43,4. College Grad,154.685293
40,3. Some College,154.685293
31,2. HS Grad,154.685293
40,4. College Grad,154.685293
35,4. College Grad,154.685293
45,5. Advanced Degree,154.685293
54,4. College Grad,154.685293
60,5. Advanced Degree,154.685293
49,4. College Grad,154.685293
49,4. College Grad,154.685293
58,4. College Grad,154.685293
43,4. College Grad,154.685293
45,2. HS Grad,154.685293
40,3. Some College,154.685293
44,3. Some College,154.685293
30,5. Advanced Degree,154.0729972
56,5. Advanced Degree,154.0729972
60,5. Advanced Degree,153.4575153
50,4. College Grad,153.4575153
51,5. Advanced Degree,153.4575153
43,4. College Grad,152.838801
47,5. Advanced Degree,152.838801
34,5. Advanced Degree,152.838801
49,4. College Grad,152.5282169
58,3. Some College,152.2168068
48,4. College Grad,152.2168068
48,1. < HS Grad,152.2168068
53,5. Advanced Degree,151.8050963
37,3. Some College,151.5914842
47,3. Some College,151.5914842
59,3. Some College,151.5914842
34,4. College Grad,151.5914842
67,3. Some College,151.5914842
49,5. Advanced Degree,151.5914842
33,5. Advanced Degree,151.5914842
51,4. College Grad,150.9627835
36,4. College Grad,150.6951821
46,5. Advanced Degree,150.3306535
47,3. Some College,150.0704769
45,4. College Grad,150.0132863
52,5. Advanced Degree,149.6950421
58,3. Some College,149.6950421
43,5. Advanced Degree,149.6950421
31,4. College Grad,149.0558956
52,3. Some College,149.0558956
41,5. Advanced Degree,149.0558956
42,5. Advanced Degree,148.4144482
28,4. College Grad,148.4131591
53,3. Some College,148.4131591
40,3. Some College,148.4131591
38,2. HS Grad,148.4131591
54,4. College Grad,148.4131591
39,4. College Grad,148.4131591
45,4. College Grad,148.4131591
37,4. College Grad,148.4131591
54,3. Some College,148.4131591
51,2. HS Grad,148.4131591
40,3. Some College,148.4131591
44,2. HS Grad,148.4131591
36,5. Advanced Degree,148.4131591
44,3. Some College,148.4131591
61,2. HS Grad,148.4131591
34,4. College Grad,148.4131591
74,5. Advanced Degree,148.4131591
42,3. Some College,148.4131591
38,5. Advanced Degree,148.4131591
48,5. Advanced Degree,148.4131591
48,5. Advanced Degree,148.4131591
47,3. Some College,148.4131591
49,4. College Grad,148.4131591
61,5. Advanced Degree,148.4131591
51,4. College Grad,148.4131591
39,2. HS Grad,148.4131591
60,4. College Grad,148.4131591
55,4. College Grad,148.4131591
34,5. Advanced Degree,148.4131591
62,3. Some College,148.4131591
47,5. Advanced Degree,148.4131591
31,5. Advanced Degree,148.4131591
45,2. HS Grad,148.4131591
59,2. HS Grad,148.4131591
45,3. Some College,148.4131591
38,4. College Grad,148.4131591
45,4. College Grad,148.4131591
52,2. HS Grad,148.4131591
39,4. College Grad,148.4131591
50,4. College Grad,148.4131591
24,1. < HS Grad,148.4131591
57,4. College Grad,148.4131591
45,5. Advanced Degree,148.4131591
61,5. Advanced Degree,148.4131591
57,2. HS Grad,148.4131591
40,5. Advanced Degree,148.4131591
41,2. HS Grad,148.4131591
36,4. College Grad,148.4131591
58,4. College Grad,148.4131591
38,5. Advanced Degree,148.4131591
35,4. College Grad,148.4131591
44,3. Some College,148.4131591
39,3. Some College,148.4131591
42,5. Advanced Degree,148.4131591
34,4. College Grad,148.4131591
37,4. College Grad,148.4131591
39,5. Advanced Degree,148.4131591
47,3. Some College,148.4131591
50,4. College Grad,148.4131591
58,3. Some College,148.4131591
41,3. Some College,148.4131591
45,2. HS Grad,148.4131591
58,5. Advanced Degree,148.4131591
46,5. Advanced Degree,148.4131591
69,5. Advanced Degree,148.4131591
43,5. Advanced Degree,148.4131591
54,5. Advanced Degree,148.4131591
49,4. College Grad,148.4131591
54,5. Advanced Degree,148.4131591
53,2. HS Grad,148.4131591
45,5. Advanced Degree,148.4131591
42,4. College Grad,148.4131591
32,5. Advanced Degree,148.4131591
54,3. Some College,148.4131591
36,4. College Grad,148.4131591
30,5. Advanced Degree,148.4131591
66,4. College Grad,148.4131591
51,5. Advanced Degree,148.4131591
56,5. Advanced Degree,148.4131591
32,4. College Grad,148.4131591
51,2. HS Grad,148.1550467
42,3. Some College,147.7667762
55,4. College Grad,147.1166892
51,4. College Grad,147.1166892
34,4. College Grad,147.1166892
60,4. College Grad,147.1166892
48,3. Some College,147.1166892
47,3. Some College,146.4628385
34,5. Advanced Degree,146.4628385
27,4. College Grad,145.8051634
40,3. Some College,145.8051634
40,4. College Grad,145.8051634
59,4. College Grad,145.8051634
39,3. Some College,145.1436012
43,1. < HS Grad,145.1436012
45,2. HS Grad,145.1436012
52,4. College Grad,145.1436012
52,3. Some College,145.1436012
58,3. Some College,145.1436012
36,3. Some College,145.1436012
33,5. Advanced Degree,145.1436012
46,5. Advanced Degree,145.1436012
61,4. College Grad,145.1436012
38,4. College Grad,145.1436012
42,3. Some College,145.1436012
47,5. Advanced Degree,145.1436012
49,4. College Grad,145.1436012
34,3. Some College,145.1436012
47,3. Some College,145.1436012
34,3. Some College,145.1436012
48,4. College Grad,145.1436012
39,5. Advanced Degree,145.1436012
33,4. College Grad,144.944365
28,4. College Grad,144.4794227
41,2. HS Grad,144.4780877
44,5. Advanced Degree,144.4780877
39,4. College Grad,144.4780877
35,2. HS Grad,144.4780877
46,3. Some College,144.4780877
47,4. College Grad,144.4780877
59,4. College Grad,144.2107612
50,4. College Grad,144.2047389
49,2. HS Grad,144.1706065
50,3. Some College,143.9273594
61,4. College Grad,143.8085568
50,5. Advanced Degree,143.8085568
46,2. HS Grad,143.6997101
47,4. College Grad,143.3253181
32,4. College Grad,143.1349408
50,2. HS Grad,143.1349408
45,4. College Grad,143.1349408
39,2. HS Grad,143.1349408
53,4. College Grad,143.1349408
44,5. Advanced Degree,143.1349408
48,5. Advanced Degree,143.1349408
49,5. Advanced Degree,143.1349408
55,4. College Grad,142.6344728
45,4. College Grad,142.4571699
56,4. College Grad,142.4571699
30,5. Advanced Degree,141.7758565
43,5. Advanced Degree,141.7751723
49,4. College Grad,141.7751723
56,4. College Grad,141.7751723
28,5. Advanced Degree,141.7751723
40,5. Advanced Degree,141.7751723
28,4. College Grad,141.7751723
49,4. College Grad,141.7751723
38,5. Advanced Degree,141.7751723
50,3. Some College,141.7751723
55,4. College Grad,141.7751723
50,5. Advanced Degree,141.7751723
44,4. College Grad,141.7751723
38,3. Some College,141.7751723
57,5. Advanced Degree,141.7751723
28,5. Advanced Degree,141.7751723
35,4. College Grad,141.7751723
54,2. HS Grad,141.7751723
42,5. Advanced Degree,141.7751723
61,2. HS Grad,141.7751723
43,4. College Grad,141.7751723
21,2. HS Grad,141.7751723
38,4. College Grad,141.7751723
30,4. College Grad,141.7751723
53,4. College Grad,141.7751723
47,5. Advanced Degree,141.7751723
59,5. Advanced Degree,141.7751723
40,2. HS Grad,141.7751723
44,3. Some College,141.7751723
48,4. College Grad,141.7751723
40,3. Some College,141.7751723
56,5. Advanced Degree,141.7751723
46,4. College Grad,141.7751723
49,4. College Grad,141.7751723
44,4. College Grad,141.7751723
46,2. HS Grad,141.7751723
50,2. HS Grad,141.0888744
45,5. Advanced Degree,140.3982002
40,5. Advanced Degree,140.3982002
43,3. Some College,140.3982002
36,5. Advanced Degree,140.3982002
36,4. College Grad,140.3982002
56,2. HS Grad,140.3982002
56,3. Some College,140.3982002
36,5. Advanced Degree,140.0511976
28,2. HS Grad,139.7030715
52,4. College Grad,139.7030715
33,2. HS Grad,139.7030715
46,3. Some College,139.7030715
31,3. Some College,139.7030715
46,3. Some College,139.6758702
56,4. College Grad,139.3538118
59,2. HS Grad,139.2137881
58,2. HS Grad,139.2137881
49,3. Some College,139.1563254
59,3. Some College,139.0034081
35,4. College Grad,139.0034081
38,4. College Grad,139.0034081
51,3. Some College,139.0034081
54,3. Some College,139.0034081
40,2. HS Grad,138.6391722
57,4. College Grad,138.610994
58,4. College Grad,138.2991269
30,5. Advanced Degree,138.2991269
49,5. Advanced Degree,138.2991269
36,5. Advanced Degree,138.2991269
33,4. College Grad,138.2991269
52,5. Advanced Degree,138.2991269
60,4. College Grad,138.2991269
42,4. College Grad,138.2991269
45,5. Advanced Degree,138.2991269
30,4. College Grad,138.2991269
51,4. College Grad,138.2991269
29,4. College Grad,138.2991269
60,5. Advanced Degree,138.2991269
32,5. Advanced Degree,138.2991269
42,3. Some College,138.2991269
48,4. College Grad,138.2991269
43,4. College Grad,138.2991269
66,2. HS Grad,138.2991269
56,4. College Grad,138.2991269
60,3. Some College,138.2991269
35,2. HS Grad,138.2991269
53,5. Advanced Degree,138.2991269
52,4. College Grad,137.5901428
29,4. College Grad,137.5901428
55,2. HS Grad,137.5901428
34,4. College Grad,137.5901428
35,5. Advanced Degree,137.5901428
35,3. Some College,137.4812478
38,5. Advanced Degree,136.8763676
53,4. College Grad,136.8763676
38,5. Advanced Degree,136.8763676
63,4. College Grad,136.8763676
33,3. Some College,136.8763676
40,3. Some College,136.8763676
40,4. College Grad,136.8763676
28,2. HS Grad,136.8763676
52,2. HS Grad,136.8763676
34,3. Some College,136.5176552
63,2. HS Grad,136.3039976
40,4. College Grad,136.1577108
33,4. College Grad,136.1577108
47,2. HS Grad,136.1577108
44,5. Advanced Degree,136.1577108
40,4. College Grad,136.1577108
61,4. College Grad,136.1577108
58,5. Advanced Degree,135.5980598
41,2. HS Grad,134.8515263
39,4. College Grad,134.7053751
54,2. HS Grad,134.7053751
46,5. Advanced Degree,134.7053751
47,2. HS Grad,134.7053751
47,3. Some College,134.7053751
49,5. Advanced Degree,134.7053751
43,2. HS Grad,134.7053751
43,3. Some College,134.7053751
38,4. College Grad,134.7053751
39,2. HS Grad,134.7053751
63,3. Some College,134.7053751
56,4. College Grad,134.7053751
45,2. HS Grad,134.7053751
56,2. HS Grad,134.7053751
34,2. HS Grad,134.7053751
34,5. Advanced Degree,134.7053751
46,4. College Grad,134.7053751
42,4. College Grad,134.7053751
47,4. College Grad,134.7053751
50,5. Advanced Degree,134.7053751
38,2. HS Grad,134.7053751
32,3. Some College,134.7053751
33,2. HS Grad,134.7053751
42,4. College Grad,134.7053751
44,3. Some College,134.7053751
50,4. College Grad,134.7053751
52,2. HS Grad,134.7053751
53,2. HS Grad,134.7053751
58,4. College Grad,134.7053751
36,4. College Grad,134.7053751
52,4. College Grad,134.7053751
36,4. College Grad,134.7053751
52,5. Advanced Degree,134.7053751
34,2. HS Grad,134.7053751
54,3. Some College,134.7053751
31,4. College Grad,134.7053751
43,5. Advanced Degree,134.7053751
55,4. College Grad,134.7053751
56,2. HS Grad,134.7053751
42,3. Some College,134.7053751
39,3. Some College,134.7053751
49,3. Some College,134.7053751
50,5. Advanced Degree,134.7053751
33,5. Advanced Degree,134.7053751
57,5. Advanced Degree,134.7053751
63,2. HS Grad,134.7053751
43,3. Some College,134.7053751
53,5. Advanced Degree,134.7053751
37,5. Advanced Degree,134.7053751
43,4. College Grad,134.2656772
42,4. College Grad,133.9715001
64,4. College Grad,133.9715001
52,5. Advanced Degree,133.9715001
31,4. College Grad,133.3806077
48,4. College Grad,133.2323508
40,3. Some College,133.2323508
45,4. College Grad,133.2323508
53,2. HS Grad,133.2323508
31,3. Some College,133.2323508
51,2. HS Grad,133.2323508
50,2. HS Grad,133.2323508
41,2. HS Grad,133.2323508
54,2. HS Grad,133.2323508
27,4. College Grad,133.2323508
46,3. Some College,133.2323508
32,4. College Grad,133.2323508
52,5. Advanced Degree,133.2323508
40,5. Advanced Degree,133.2323508
43,2. HS Grad,132.8607653
29,3. Some College,132.8607653
52,5. Advanced Degree,132.4878211
56,5. Advanced Degree,132.4878211
54,4. College Grad,132.4878211
41,4. College Grad,132.4878211
44,4. College Grad,132.4878211
50,2. HS Grad,132.4878211
36,4. College Grad,132.3524777
36,2. HS Grad,131.7378012
40,5. Advanced Degree,131.7378012
37,2. HS Grad,131.7378012
44,4. College Grad,131.7378012
30,3. Some College,131.7378012
38,2. HS Grad,131.7378012
35,3. Some College,131.6526987
35,3. Some College,131.621803
47,4. College Grad,131.2245938
49,4. College Grad,131.1943236
45,4. College Grad,130.9836943
45,3. Some College,130.9821774
53,4. College Grad,130.9821774
39,5. Advanced Degree,130.9821774
29,5. Advanced Degree,130.9821774
45,3. Some College,130.9821774
41,1. < HS Grad,130.9821774
45,2. HS Grad,130.9821774
61,3. Some College,130.9821774
45,2. HS Grad,130.9821774
56,4. College Grad,130.9821774
61,3. Some College,130.9821774
57,1. < HS Grad,130.9821774
25,3. Some College,130.9821774
48,5. Advanced Degree,130.9821774
47,2. HS Grad,130.9821774
62,5. Advanced Degree,130.9821774
47,3. Some College,130.9821774
46,3. Some College,130.9821774
39,3. Some College,130.9821774
51,4. College Grad,130.9821774
45,5. Advanced Degree,130.9821774
58,2. HS Grad,130.9821774
34,3. Some College,130.9821774
45,3. Some College,130.9821774
41,4. College Grad,130.9821774
61,5. Advanced Degree,130.9821774
39,5. Advanced Degree,130.9821774
49,4. College Grad,130.9821774
41,4. College Grad,130.9821774
62,4. College Grad,130.9821774
50,2. HS Grad,130.9821774
55,4. College Grad,130.9821774
40,2. HS Grad,130.9821774
62,4. College Grad,130.9821774
28,4. College Grad,130.9821774
35,4. College Grad,130.9821774
44,5. Advanced Degree,130.9821774
43,5. Advanced Degree,130.9821774
38,3. Some College,130.9821774
26,2. HS Grad,130.9821774
40,4. College Grad,130.9821774
30,3. Some College,130.9821774
42,5. Advanced Degree,130.9821774
40,4. College Grad,130.9821774
58,3. Some College,130.9821774
43,4. College Grad,130.6022275
55,3. Some College,130.2208324
55,3. Some College,130.2208324
51,5. Advanced Degree,129.9836348
60,2. HS Grad,129.4536446
47,2. HS Grad,129.4536446
43,2. HS Grad,129.4536446
67,1. < HS Grad,129.4536446
39,4. College Grad,129.4536446
44,5. Advanced Degree,129.4536446
56,2. HS Grad,129.4536446
38,2. HS Grad,129.4536446
55,5. Advanced Degree,129.4536446
56,4. College Grad,129.156693
45,4. College Grad,129.0678205
52,2. HS Grad,128.6804882
47,5. Advanced Degree,128.6804882
38,3. Some College,128.6804882
51,3. Some College,128.6804882
33,2. HS Grad,128.6804882
39,4. College Grad,128.6804882
39,2. HS Grad,128.6804882
39,4. College Grad,128.6804882
31,5. Advanced Degree,128.6804882
36,3. Some College,128.6804882
49,4. College Grad,128.6804882
62,3. Some College,128.6804882
48,4. College Grad,128.6804882
48,4. College Grad,128.6804882
36,2. HS Grad,128.6804882
61,3. Some College,128.6804882
48,4. College Grad,128.6804882
57,4. College Grad,128.6804882
60,5. Advanced Degree,128.6804882
53,2. HS Grad,128.6804882
29,4. College Grad,128.6804882
34,4. College Grad,128.6804882
33,3. Some College,128.6804882
51,2. HS Grad,128.6804882
42,4. College Grad,128.6804882
36,2. HS Grad,128.6804882
33,2. HS Grad,128.6804882
41,1. < HS Grad,128.6804882
39,3. Some College,128.6804882
53,3. Some College,128.2526611
47,2. HS Grad,128.1996369
70,5. Advanced Degree,127.901233
56,1. < HS Grad,127.901233
63,2. HS Grad,127.901233
36,3. Some College,127.901233
52,1. < HS Grad,127.901233
32,2. HS Grad,127.901233
41,4. College Grad,127.901233
38,2. HS Grad,127.273347
54,4. College Grad,127.1157438
48,4. College Grad,127.1157438
44,2. HS Grad,127.1157438
36,2. HS Grad,127.1157438
41,2. HS Grad,127.1157438
53,5. Advanced Degree,127.1157438
31,2. HS Grad,127.1157438
48,2. HS Grad,127.1157438
27,4. College Grad,127.1157438
35,2. HS Grad,127.1157438
37,4. College Grad,127.1157438
51,4. College Grad,127.1157438
56,3. Some College,127.1157438
41,2. HS Grad,127.1157438
42,4. College Grad,127.1157438
50,1. < HS Grad,127.1157438
41,3. Some College,127.1157438
37,4. College Grad,127.1157438
55,2. HS Grad,127.1157438
36,5. Advanced Degree,127.1157438
47,5. Advanced Degree,127.1157438
50,4. College Grad,127.1157438
41,4. College Grad,127.1157438
45,4. College Grad,127.1157438
49,2. HS Grad,127.1157438
31,5. Advanced Degree,127.1157438
30,5. Advanced Degree,127.1157438
47,2. HS Grad,127.1157438
47,4. College Grad,127.1157438
41,3. Some College,127.1157438
43,4. College Grad,127.1157438
56,4. College Grad,127.1157438
54,4. College Grad,127.1157438
43,3. Some College,127.1157438
43,4. College Grad,127.1157438
54,4. College Grad,127.1157438
30,4. College Grad,127.1157438
30,4. College Grad,127.1157438
37,4. College Grad,127.1157438
56,2. HS Grad,127.1157438
48,1. < HS Grad,127.1157438
33,4. College Grad,127.1157438
62,2. HS Grad,127.1157438
25,2. HS Grad,127.1157438
45,3. Some College,127.1157438
66,4. College Grad,127.1157438
31,4. College Grad,127.1157438
57,4. College Grad,127.1157438
52,3. Some College,127.1157438
60,3. Some College,127.1157438
55,5. Advanced Degree,127.1157438
50,4. College Grad,127.1157438
55,4. College Grad,127.1157438
62,4. College Grad,127.1157438
40,5. Advanced Degree,127.1157438
45,3. Some College,127.1157438
23,2. HS Grad,127.1157438
36,4. College Grad,127.1157438
24,1. < HS Grad,127.1157438
55,4. College Grad,127.1157438
46,3. Some College,127.0368467
53,4. College Grad,126.9578857
50,5. Advanced Degree,126.3238807
55,3. Some College,126.3238807
46,3. Some College,126.3238807
47,4. College Grad,126.3238807
28,4. College Grad,126.3238807
43,1. < HS Grad,126.3238807
51,5. Advanced Degree,126.0850573
48,5. Advanced Degree,125.5254984
41,4. College Grad,125.5254984
42,4. College Grad,125.5254984
63,3. Some College,125.5254984
32,2. HS Grad,125.5254984
30,5. Advanced Degree,125.5254984
57,4. College Grad,125.5254984
33,5. Advanced Degree,125.5254984
36,3. Some College,125.5254984
65,2. HS Grad,125.5254984
29,4. College Grad,125.5254984
35,3. Some College,125.2042866
56,4. College Grad,125.1238157
44,4. College Grad,125.1238157
45,5. Advanced Degree,124.7204462
54,5. Advanced Degree,124.7204462
51,2. HS Grad,124.7204462
41,1. < HS Grad,124.7204462
35,2. HS Grad,124.7204462
51,2. HS Grad,124.7204462
56,4. College Grad,124.7204462
43,2. HS Grad,123.9085676
42,3. Some College,123.9085676
44,4. College Grad,123.9085676
42,5. Advanced Degree,123.9085676
48,3. Some College,123.9085676
49,3. Some College,123.9085676
48,3. Some College,123.8237338
42,5. Advanced Degree,123.5000178
49,3. Some College,123.336104
60,4. College Grad,123.0896998
35,3. Some College,123.0896998
48,4. College Grad,123.0896998
39,5. Advanced Degree,123.0896998
53,3. Some College,123.0896998
51,4. College Grad,123.0896998
37,3. Some College,123.0896998
30,1. < HS Grad,123.0896998
33,4. College Grad,123.0896998
60,3. Some College,123.0896998
26,2. HS Grad,123.0896998
36,3. Some College,123.0896998
32,2. HS Grad,123.0896998
42,2. HS Grad,123.0896998
41,5. Advanced Degree,123.0896998
58,3. Some College,123.0896998
40,4. College Grad,123.0896998
32,4. College Grad,123.0896998
39,4. College Grad,123.0896998
50,2. HS Grad,123.0896998
42,4. College Grad,123.0896998
35,3. Some College,123.0896998
49,2. HS Grad,123.0896998
34,4. College Grad,123.0896998
48,4. College Grad,123.0896998
31,3. Some College,123.0896998
44,5. Advanced Degree,123.0896998
43,4. College Grad,123.0896998
45,4. College Grad,123.0896998
54,5. Advanced Degree,123.0896998
57,4. College Grad,123.0896998
63,4. College Grad,123.0896998
48,2. HS Grad,123.0896998
48,4. College Grad,123.0896998
40,3. Some College,123.0896998
58,3. Some College,123.0896998
50,4. College Grad,123.0896998
39,3. Some College,123.0896998
67,3. Some College,123.0896998
55,3. Some College,123.0896998
37,4. College Grad,123.0896998
61,2. HS Grad,122.2636739
33,2. HS Grad,122.2636739
52,1. < HS Grad,122.2636739
27,5. Advanced Degree,122.2636739
37,4. College Grad,121.4303138
47,3. Some College,121.4303138
41,3. Some College,121.4303138
41,2. HS Grad,121.4303138
30,3. Some College,121.4303138
38,3. Some College,121.2627457
50,5. Advanced Degree,121.0108266
56,4. College Grad,120.9267015
40,3. Some College,120.9267015
60,2. HS Grad,120.9267015
44,5. Advanced Degree,120.5894365
40,3. Some College,120.5894365
33,5. Advanced Degree,120.5894365
42,1. < HS Grad,120.5894365
45,4. College Grad,120.5894365
46,4. College Grad,120.5894365
53,3. Some College,120.5894365
43,2. HS Grad,120.5894365
58,5. Advanced Degree,120.5894365
47,5. Advanced Degree,120.5894365
42,2. HS Grad,120.5894365
50,5. Advanced Degree,120.5894365
27,3. Some College,120.5894365
50,5. Advanced Degree,120.1661196
52,2. HS Grad,119.7425563
31,3. Some College,119.7408513
43,5. Advanced Degree,119.7408513
43,2. HS Grad,119.4052043
45,3. Some College,119.0992348
41,2. HS Grad,119.0133452
39,2. HS Grad,118.8860804
41,3. Some College,118.8843593
62,4. College Grad,118.8843593
32,5. Advanced Degree,118.8843593
44,2. HS Grad,118.8843593
49,3. Some College,118.8843593
53,3. Some College,118.8843593
35,4. College Grad,118.8843593
58,3. Some College,118.8843593
45,3. Some College,118.8843593
32,4. College Grad,118.8843593
46,1. < HS Grad,118.8843593
34,5. Advanced Degree,118.8843593
55,5. Advanced Degree,118.8843593
41,2. HS Grad,118.8843593
45,2. HS Grad,118.8843593
24,3. Some College,118.8843593
34,2. HS Grad,118.8843593
30,3. Some College,118.8843593
57,4. College Grad,118.8843593
25,5. Advanced Degree,118.8843593
51,4. College Grad,118.8843593
50,3. Some College,118.8843593
23,4. College Grad,118.8843593
44,1. < HS Grad,118.8843593
64,3. Some College,118.8843593
32,4. College Grad,118.8843593
58,1. < HS Grad,118.8843593
47,2. HS Grad,118.8843593
59,2. HS Grad,118.8843593
53,4. College Grad,118.8843593
41,4. College Grad,118.8843593
45,2. HS Grad,118.8843593
46,2. HS Grad,118.8843593
26,4. College Grad,118.8843593
29,2. HS Grad,118.8843593
47,3. Some College,118.8843593
30,5. Advanced Degree,118.8843593
45,4. College Grad,118.8843593
55,2. HS Grad,118.8843593
48,2. HS Grad,118.8843593
47,3. Some College,118.8843593
56,4. College Grad,118.8843593
25,5. Advanced Degree,118.8843593
55,2. HS Grad,118.8843593
32,3. Some College,118.8843593
32,5. Advanced Degree,118.8843593
55,3. Some College,118.8843593
63,2. HS Grad,118.8843593
47,4. College Grad,118.8843593
60,4. College Grad,118.8843593
39,5. Advanced Degree,118.8843593
48,3. Some College,118.8843593
30,5. Advanced Degree,118.8843593
28,3. Some College,118.8843593
44,2. HS Grad,118.8843593
37,4. College Grad,118.8843593
51,2. HS Grad,118.8843593
56,5. Advanced Degree,118.8843593
40,2. HS Grad,118.8843593
35,4. College Grad,118.8843593
49,2. HS Grad,118.8843593
32,2. HS Grad,118.8843593
35,5. Advanced Degree,118.8843593
49,2. HS Grad,118.8843593
28,1. < HS Grad,118.8843593
30,2. HS Grad,118.8843593
40,3. Some College,118.8843593
34,4. College Grad,118.8843593
52,3. Some College,118.8843593
47,4. College Grad,118.8843593
34,5. Advanced Degree,118.8843593
65,2. HS Grad,118.8843593
45,2. HS Grad,118.8843593
51,4. College Grad,118.8843593
32,5. Advanced Degree,118.8843593
37,3. Some College,118.8843593
55,3. Some College,118.8843593
66,3. Some College,118.8843593
36,2. HS Grad,118.8843593
36,4. College Grad,118.8843593
32,3. Some College,118.8843593
32,5. Advanced Degree,118.8843593
36,3. Some College,118.8843593
43,1. < HS Grad,118.8843593
50,4. College Grad,118.8843593
54,5. Advanced Degree,118.8843593
36,4. College Grad,118.8843593
59,5. Advanced Degree,118.8843593
41,5. Advanced Degree,118.8843593
48,2. HS Grad,118.8843593
55,4. College Grad,118.8843593
49,3. Some College,118.8843593
48,4. College Grad,118.8843593
59,5. Advanced Degree,118.8843593
40,3. Some College,118.8843593
39,4. College Grad,118.8843593
30,3. Some College,118.8843593
53,3. Some College,118.8843593
63,2. HS Grad,118.8843593
47,5. Advanced Degree,118.8843593
42,2. HS Grad,118.8843593
24,4. College Grad,118.8843593
71,3. Some College,118.8843593
42,3. Some College,118.8843593
37,4. College Grad,118.8843593
35,5. Advanced Degree,118.8843593
51,4. College Grad,118.8843593
51,3. Some College,118.8843593
54,3. Some College,118.8843593
60,5. Advanced Degree,118.8843593
47,3. Some College,118.8843593
52,3. Some College,118.8843593
56,5. Advanced Degree,118.8843593
73,2. HS Grad,118.8843593
56,3. Some College,118.8843593
53,3. Some College,118.8843593
40,4. College Grad,118.8843593
28,4. College Grad,118.8843593
46,2. HS Grad,118.8843593
26,3. Some College,118.8843593
38,2. HS Grad,118.7120941
44,4. College Grad,118.5567764
54,5. Advanced Degree,118.5395025
25,4. College Grad,118.0197533
68,4. College Grad,118.0197533
37,2. HS Grad,118.0197533
41,1. < HS Grad,118.0197533
38,4. College Grad,118.0197533
51,2. HS Grad,118.0197533
40,1. < HS Grad,118.0197533
63,4. College Grad,118.0197533
55,5. Advanced Degree,117.5843403
45,3. Some College,117.1468169
54,3. Some College,117.1468169
53,2. HS Grad,117.1468169
26,3. Some College,117.1468169
40,2. HS Grad,117.1468169
28,5. Advanced Degree,117.1468169
45,3. Some College,117.1468169
29,5. Advanced Degree,117.1468169
46,3. Some College,117.1468169
32,3. Some College,117.1468169
50,4. College Grad,117.1468169
48,3. Some College,117.1468169
49,3. Some College,117.1468169
33,5. Advanced Degree,117.1468169
41,2. HS Grad,117.1468169
59,3. Some College,117.1468169
47,2. HS Grad,117.1468169
35,4. College Grad,117.1468169
56,5. Advanced Degree,117.1468169
35,4. College Grad,117.1468169
46,4. College Grad,117.1468169
40,2. HS Grad,117.1468169
41,3. Some College,117.1468169
30,5. Advanced Degree,117.1468169
44,3. Some College,117.1468169
51,3. Some College,117.1468169
42,5. Advanced Degree,116.9430813
57,3. Some College,116.7071546
35,3. Some College,116.7071546
26,2. HS Grad,116.4423183
57,2. HS Grad,116.2653241
33,2. HS Grad,116.2653241
44,2. HS Grad,116.2653241
39,2. HS Grad,116.2653241
35,3. Some College,116.2653241
42,4. College Grad,116.2653241
33,5. Advanced Degree,116.2653241
39,3. Some College,116.2653241
31,4. College Grad,116.2653241
37,5. Advanced Degree,116.2653241
45,4. College Grad,116.2653241
27,3. Some College,116.1766952
54,3. Some College,115.5180852
52,3. Some College,115.3750386
48,2. HS Grad,115.3750386
40,5. Advanced Degree,115.3750386
30,5. Advanced Degree,115.3750386
53,3. Some College,115.3750386
41,1. < HS Grad,115.3750386
36,2. HS Grad,115.3750386
32,3. Some College,115.3750386
46,2. HS Grad,115.3750386
54,2. HS Grad,115.3750386
50,5. Advanced Degree,115.3750386
25,4. College Grad,115.3750386
38,4. College Grad,115.3750386
48,4. College Grad,115.3750386
29,5. Advanced Degree,115.3750386
48,5. Advanced Degree,115.3750386
50,4. College Grad,115.285517
54,3. Some College,115.1824551
32,3. Some College,115.1062017
60,2. HS Grad,114.9265218
47,2. HS Grad,114.4775211
30,5. Advanced Degree,114.4757133
50,4. College Grad,114.4757133
35,3. Some College,114.4757133
55,5. Advanced Degree,114.4757133
38,2. HS Grad,114.4757133
48,2. HS Grad,114.4757133
45,3. Some College,114.4757133
34,4. College Grad,114.4757133
26,5. Advanced Degree,114.4757133
42,4. College Grad,114.4757133
52,4. College Grad,114.4757133
58,4. College Grad,114.4757133
30,4. College Grad,114.4757133
51,1. < HS Grad,114.4757133
45,3. Some College,114.4757133
50,3. Some College,114.4757133
33,4. College Grad,114.4757133
37,4. College Grad,114.4757133
36,2. HS Grad,114.4757133
46,4. College Grad,114.4757133
34,2. HS Grad,114.4757133
35,5. Advanced Degree,114.4757133
51,2. HS Grad,114.4757133
41,3. Some College,114.4757133
46,2. HS Grad,114.4757133
27,4. College Grad,114.4757133
35,4. College Grad,114.4757133
41,1. < HS Grad,114.4757133
64,3. Some College,114.4757133
41,5. Advanced Degree,114.4757133
40,4. College Grad,114.4757133
52,2. HS Grad,114.4757133
49,4. College Grad,114.4757133
30,5. Advanced Degree,114.4757133
35,3. Some College,114.4757133
57,5. Advanced Degree,114.4757133
32,3. Some College,114.4757133
22,4. College Grad,114.4757133
55,2. HS Grad,114.4757133
53,1. < HS Grad,114.4757133
52,4. College Grad,114.4757133
61,1. < HS Grad,114.4757133
34,3. Some College,114.4757133
33,5. Advanced Degree,114.4757133
33,3. Some College,114.4757133
43,4. College Grad,114.4757133
52,3. Some College,114.4757133
63,5. Advanced Degree,114.4757133
64,2. HS Grad,114.4757133
32,3. Some College,114.4757133
69,1. < HS Grad,114.4757133
54,2. HS Grad,114.4757133
38,4. College Grad,114.4757133
48,4. College Grad,114.4757133
30,4. College Grad,114.4757133
44,4. College Grad,114.4757133
44,4. College Grad,114.4757133
42,5. Advanced Degree,114.4757133
46,2. HS Grad,114.4757133
35,2. HS Grad,114.4757133
46,4. College Grad,114.4757133
52,4. College Grad,114.4757133
54,4. College Grad,114.4757133
42,2. HS Grad,114.4757133
32,5. Advanced Degree,114.1133945
26,4. College Grad,114.0225804
44,2. HS Grad,113.6127457
63,2. HS Grad,113.5670896
33,4. College Grad,113.5670896
28,2. HS Grad,113.5670896
50,4. College Grad,113.5670896
26,4. College Grad,113.5670896
61,2. HS Grad,113.5670896
45,2. HS Grad,113.5670896
55,3. Some College,113.5670896
31,2. HS Grad,113.5670896
29,4. College Grad,112.6488963
44,4. College Grad,112.6488963
42,1. < HS Grad,112.6488963
44,2. HS Grad,112.6488963
32,2. HS Grad,112.6488963
47,5. Advanced Degree,112.6488963
51,4. College Grad,112.6488963
32,5. Advanced Degree,112.6488963
49,4. College Grad,112.6488963
40,2. HS Grad,112.6488963
29,4. College Grad,112.6488963
27,3. Some College,112.1861229
39,2. HS Grad,112.136923
50,2. HS Grad,111.7217824
30,3. Some College,111.7208494
34,2. HS Grad,111.7208494
34,2. HS Grad,111.7208494
54,2. HS Grad,111.7208494
27,4. College Grad,111.7208494
33,5. Advanced Degree,111.7208494
49,5. Advanced Degree,111.7208494
37,3. Some College,111.7208494
62,3. Some College,111.7208494
48,2. HS Grad,111.7208494
60,5. Advanced Degree,111.7208494
50,1. < HS Grad,111.7208494
54,2. HS Grad,111.7208494
48,5. Advanced Degree,111.7208494
40,2. HS Grad,111.7208494
44,2. HS Grad,111.7208494
58,3. Some College,111.7208494
48,3. Some College,111.7208494
38,3. Some College,111.7208494
42,3. Some College,111.7208494
39,2. HS Grad,111.7208494
42,1. < HS Grad,111.7208494
42,3. Some College,111.7208494
40,4. College Grad,111.7208494
47,2. HS Grad,111.7208494
41,2. HS Grad,111.7208494
28,2. HS Grad,111.7208494
52,2. HS Grad,111.7208494
50,2. HS Grad,111.7208494
49,3. Some College,111.7208494
61,2. HS Grad,111.4404696
48,2. HS Grad,111.1854619
56,2. HS Grad,111.0651943
49,2. HS Grad,111.0144055
41,3. Some College,110.7826503
41,2. HS Grad,110.7826503
56,2. HS Grad,110.7826503
38,3. Some College,110.7826503
44,2. HS Grad,110.7826503
55,5. Advanced Degree,110.7826503
57,1. < HS Grad,110.7826503
51,4. College Grad,110.7826503
63,2. HS Grad,110.7826503
46,2. HS Grad,110.1729303
27,4. College Grad,109.8339856
40,2. HS Grad,109.8339856
41,3. Some College,109.8339856
40,3. Some College,109.8339856
30,2. HS Grad,109.8339856
48,2. HS Grad,109.8339856
48,4. College Grad,109.8339856
44,2. HS Grad,109.8339856
54,2. HS Grad,109.8339856
50,2. HS Grad,109.8339856
51,5. Advanced Degree,109.8339856
56,4. College Grad,109.8339856
47,4. College Grad,109.8339856
39,2. HS Grad,109.8339856
37,4. College Grad,109.8339856
35,3. Some College,109.8339856
31,4. College Grad,109.8339856
44,4. College Grad,109.8339856
33,4. College Grad,109.8339856
38,3. Some College,109.8339856
62,4. College Grad,109.8339856
55,3. Some College,109.8339856
28,4. College Grad,109.8339856
68,2. HS Grad,109.8339856
40,4. College Grad,109.8339856
55,1. < HS Grad,109.8339856
63,3. Some College,109.8339856
35,2. HS Grad,109.8339856
43,2. HS Grad,109.8339856
49,4. College Grad,109.8339856
48,1. < HS Grad,109.8339856
29,4. College Grad,109.8339856
38,2. HS Grad,109.8339856
63,5. Advanced Degree,109.8339856
40,2. HS Grad,109.8339856
30,3. Some College,109.8339856
31,1. < HS Grad,109.8339856
43,2. HS Grad,109.8339856
48,2. HS Grad,109.8339856
51,4. College Grad,109.8339856
39,2. HS Grad,109.8339856
57,3. Some College,109.8339856
42,3. Some College,109.8339856
29,3. Some College,109.8339856
45,3. Some College,109.8339856
53,4. College Grad,109.8339856
64,2. HS Grad,109.8339856
24,4. College Grad,109.8339856
49,3. Some College,109.8339856
39,2. HS Grad,109.8339856
53,3. Some College,109.8339856
24,4. College Grad,109.8339856
55,4. College Grad,109.8339856
35,1. < HS Grad,109.8339856
37,2. HS Grad,109.8339856
32,2. HS Grad,109.8339856
50,2. HS Grad,109.8339856
33,2. HS Grad,109.8339856
57,5. Advanced Degree,109.8339856
41,2. HS Grad,109.8339856
50,2. HS Grad,109.8339856
51,1. < HS Grad,109.8339856
36,3. Some College,109.8339856
58,2. HS Grad,109.8339856
61,2. HS Grad,109.8339856
50,5. Advanced Degree,109.8339856
47,2. HS Grad,109.8339856
26,3. Some College,109.8339856
28,3. Some College,109.8339856
31,3. Some College,109.8339856
32,3. Some College,109.8339856
41,4. College Grad,109.8339856
35,4. College Grad,109.8339856
41,2. HS Grad,109.8339856
29,2. HS Grad,109.8339856
52,3. Some College,109.8339856
42,2. HS Grad,109.8339856
34,3. Some College,109.8339856
45,1. < HS Grad,109.8339856
63,3. Some College,109.8339856
43,2. HS Grad,109.8339856
37,4. College Grad,109.8339856
48,2. HS Grad,109.8339856
40,5. Advanced Degree,109.8339856
43,4. College Grad,109.8339856
37,3. Some College,109.8339856
38,3. Some College,109.8339856
50,4. College Grad,109.8339856
58,2. HS Grad,109.8339856
66,4. College Grad,109.8339856
31,4. College Grad,109.8339856
43,4. College Grad,109.8339856
56,4. College Grad,109.8339856
44,2. HS Grad,109.8339856
53,2. HS Grad,109.8339856
52,2. HS Grad,109.8339856
62,2. HS Grad,109.8339856
35,1. < HS Grad,109.8339856
42,1. < HS Grad,109.7060518
28,2. HS Grad,109.6429681
48,4. College Grad,109.5472966
54,3. Some College,109.4898415
32,4. College Grad,109.3556264
48,3. Some College,109.31532
37,4. College Grad,108.8745258
59,3. Some College,108.8745258
44,4. College Grad,108.8745258
54,2. HS Grad,108.8745258
54,2. HS Grad,108.8745258
28,3. Some College,108.8745258
41,3. Some College,108.8745258
31,3. Some College,108.8745258
34,4. College Grad,108.8745258
34,3. Some College,108.8745258
47,4. College Grad,108.8745258
48,2. HS Grad,108.8745258
34,2. HS Grad,108.8745258
53,2. HS Grad,108.6813082
29,3. Some College,108.39064
26,3. Some College,108.39064
46,2. HS Grad,108.0658303
34,5. Advanced Degree,107.9039239
42,2. HS Grad,107.9039239
33,4. College Grad,107.9039239
33,4. College Grad,107.9039239
48,3. Some College,107.9039239
51,3. Some College,107.9039239
53,2. HS Grad,107.9039239
38,5. Advanced Degree,107.9039239
60,2. HS Grad,107.9039239
59,3. Some College,107.9039239
57,3. Some College,107.9039239
45,1. < HS Grad,107.9039239
64,4. College Grad,107.9039239
55,2. HS Grad,107.9039239
54,3. Some College,107.9039239
36,3. Some College,107.9039239
51,3. Some College,107.9039239
47,3. Some College,107.9039239
36,3. Some College,107.9039239
53,2. HS Grad,107.9039239
48,4. College Grad,107.9039239
39,4. College Grad,107.9039239
30,3. Some College,107.9039239
48,2. HS Grad,107.9039239
34,2. HS Grad,107.9039239
47,2. HS Grad,107.9039239
61,5. Advanced Degree,107.4339706
40,2. HS Grad,107.3160632
37,4. College Grad,107.2560621
61,4. College Grad,106.9218141
37,2. HS Grad,106.9218141
45,3. Some College,106.9218141
57,1. < HS Grad,106.9218141
33,3. Some College,106.9218141
42,2. HS Grad,106.9218141
32,3. Some College,106.9218141
42,2. HS Grad,106.9218141
27,2. HS Grad,106.9218141
49,3. Some College,106.9218141
29,3. Some College,106.9218141
39,3. Some College,106.9218141
60,5. Advanced Degree,106.9218141
35,4. College Grad,106.9218141
61,3. Some College,106.7239776
46,3. Some College,106.7239776
61,2. HS Grad,106.6080215
28,1. < HS Grad,106.3696472
30,3. Some College,106.3268649
45,2. HS Grad,106.1275822
32,3. Some College,105.9278108
47,4. College Grad,105.9278108
58,2. HS Grad,105.9278108
40,1. < HS Grad,105.9278108
21,3. Some College,105.9278108
46,3. Some College,105.9278108
51,3. Some College,105.9278108
26,4. College Grad,105.9278108
55,4. College Grad,105.9278108
30,2. HS Grad,105.9278108
46,3. Some College,105.9278108
26,4. College Grad,105.9278108
53,3. Some College,105.9278108
34,2. HS Grad,105.9278108
30,3. Some College,105.9278108
49,4. College Grad,105.9278108
51,2. HS Grad,105.9278108
47,2. HS Grad,105.9278108
56,2. HS Grad,105.7676396
71,4. College Grad,105.6914475
30,5. Advanced Degree,105.3758927
55,2. HS Grad,104.9235317
44,3. Some College,104.9235317
57,2. HS Grad,104.9215065
30,4. College Grad,104.9215065
46,2. HS Grad,104.9215065
32,4. College Grad,104.9215065
48,4. College Grad,104.9215065
39,4. College Grad,104.9215065
58,3. Some College,104.9215065
58,3. Some College,104.9215065
36,1. < HS Grad,104.9215065
43,4. College Grad,104.9215065
33,2. HS Grad,104.9215065
30,2. HS Grad,104.9215065
42,3. Some College,104.9215065
38,4. College Grad,104.9215065
25,4. College Grad,104.9215065
42,4. College Grad,104.9215065
37,4. College Grad,104.9215065
29,3. Some College,104.9215065
65,5. Advanced Degree,104.9215065
60,5. Advanced Degree,104.9215065
30,3. Some College,104.9215065
49,3. Some College,104.9215065
33,2. HS Grad,104.9215065
41,3. Some College,104.9215065
34,2. HS Grad,104.9215065
54,3. Some College,104.9215065
60,2. HS Grad,104.9215065
42,2. HS Grad,104.9215065
59,2. HS Grad,104.9215065
60,4. College Grad,104.9215065
27,4. College Grad,104.9215065
39,1. < HS Grad,104.9215065
46,4. College Grad,104.9215065
33,4. College Grad,104.9215065
38,2. HS Grad,104.9215065
29,4. College Grad,104.9215065
59,5. Advanced Degree,104.9215065
43,4. College Grad,104.9215065
51,2. HS Grad,104.9215065
58,4. College Grad,104.9215065
50,1. < HS Grad,104.9215065
26,3. Some College,104.9215065
55,2. HS Grad,104.9215065
50,4. College Grad,104.9215065
58,2. HS Grad,104.9215065
44,1. < HS Grad,104.9215065
28,3. Some College,104.9215065
46,3. Some College,104.9215065
50,2. HS Grad,104.9215065
49,3. Some College,104.9215065
44,2. HS Grad,104.9215065
37,4. College Grad,104.9215065
59,3. Some College,104.9215065
51,4. College Grad,104.9215065
57,2. HS Grad,104.9215065
33,3. Some College,104.9215065
53,4. College Grad,104.9215065
49,3. Some College,104.9215065
56,3. Some College,104.9215065
41,2. HS Grad,104.9215065
46,4. College Grad,104.9215065
29,2. HS Grad,104.9215065
59,2. HS Grad,104.9215065
32,2. HS Grad,104.9215065
43,4. College Grad,104.9215065
32,4. College Grad,104.9215065
27,2. HS Grad,104.9215065
38,4. College Grad,104.9215065
47,3. Some College,104.9215065
58,2. HS Grad,104.9215065
49,2. HS Grad,104.5917379
38,2. HS Grad,104.0049599
25,4. College Grad,103.9024706
39,2. HS Grad,103.9024706
38,2. HS Grad,103.9024706
30,3. Some College,103.9024706
32,3. Some College,103.9024706
39,3. Some College,103.9024706
29,3. Some College,103.9024706
42,3. Some College,103.9024706
28,3. Some College,103.9024706
27,3. Some College,103.9024706
49,3. Some College,103.9024706
43,5. Advanced Degree,103.9024706
40,3. Some College,103.9024706
34,2. HS Grad,103.9024706
42,4. College Grad,103.9024706
55,5. Advanced Degree,103.181327
27,3. Some College,102.8702469
48,2. HS Grad,102.8702469
55,2. HS Grad,102.8702469
27,5. Advanced Degree,102.8702469
21,2. HS Grad,102.8702469
28,3. Some College,102.8702469
58,2. HS Grad,102.8702469
29,3. Some College,102.8702469
38,4. College Grad,102.8702469
59,2. HS Grad,102.8702469
29,2. HS Grad,102.8702469
38,3. Some College,102.8702469
33,3. Some College,102.8702469
44,2. HS Grad,102.8702469
30,4. College Grad,102.8702469
49,2. HS Grad,102.8702469
40,5. Advanced Degree,102.8702469
55,2. HS Grad,102.8702469
31,2. HS Grad,102.8702469
49,1. < HS Grad,102.8702469
31,2. HS Grad,102.8702469
44,2. HS Grad,102.7662809
28,3. Some College,102.7662809
27,4. College Grad,102.4535576
56,2. HS Grad,102.1270009
71,3. Some College,101.8243521
49,2. HS Grad,101.8243521
52,2. HS Grad,101.8243521
42,1. < HS Grad,101.8243521
56,4. College Grad,101.8243521
40,2. HS Grad,101.8243521
44,3. Some College,101.8243521
56,2. HS Grad,101.8243521
40,2. HS Grad,101.8243521
31,2. HS Grad,101.8243521
55,2. HS Grad,101.8243521
60,2. HS Grad,101.8243521
50,3. Some College,101.8243521
52,3. Some College,101.8243521
31,4. College Grad,101.8243521
41,2. HS Grad,101.8243521
47,2. HS Grad,101.8243521
30,4. College Grad,101.8243521
46,4. College Grad,101.8243521
42,1. < HS Grad,101.8243521
39,2. HS Grad,101.8243521
44,3. Some College,101.8243521
42,4. College Grad,101.8243521
51,3. Some College,101.8243521
37,3. Some College,101.8243521
50,2. HS Grad,101.8243521
38,5. Advanced Degree,101.8243521
41,2. HS Grad,101.8243521
62,2. HS Grad,101.8243521
55,3. Some College,101.8243521
54,3. Some College,101.8243521
52,3. Some College,101.8243521
28,2. HS Grad,101.8243521
29,3. Some College,101.8243521
24,2. HS Grad,101.8243521
43,3. Some College,101.8243521
32,3. Some College,101.8243521
61,2. HS Grad,101.5955382
51,3. Some College,101.4020523
32,3. Some College,101.4020523
45,2. HS Grad,101.4020523
33,5. Advanced Degree,101.4020523
27,3. Some College,101.4020523
51,1. < HS Grad,101.4020523
51,2. HS Grad,101.4020523
48,1. < HS Grad,100.8794609
32,3. Some College,100.7642728
34,1. < HS Grad,100.7642728
43,4. College Grad,100.7642728
58,1. < HS Grad,100.7642728
27,3. Some College,100.7642728
46,3. Some College,100.7642728
52,2. HS Grad,100.7642728
70,1. < HS Grad,100.7642728
42,1. < HS Grad,100.7642728
44,5. Advanced Degree,100.7642728
43,1. < HS Grad,100.0996625
33,4. College Grad,100.0867423
63,5. Advanced Degree,100.0134869
32,5. Advanced Degree,100.0134869
50,3. Some College,100.0134869
71,2. HS Grad,99.6916284
56,2. HS Grad,99.6916284
61,2. HS Grad,99.6894637
55,2. HS Grad,99.6894637
44,5. Advanced Degree,99.6894637
46,2. HS Grad,99.6894637
74,2. HS Grad,99.6894637
52,4. College Grad,99.6894637
26,3. Some College,99.6894637
39,5. Advanced Degree,99.6894637
25,2. HS Grad,99.6894637
56,4. College Grad,99.6894637
46,3. Some College,99.6894637
54,3. Some College,99.6894637
45,4. College Grad,99.6894637
45,4. College Grad,99.6894637
41,2. HS Grad,99.6894637
46,2. HS Grad,99.6894637
47,3. Some College,99.6894637
45,2. HS Grad,99.6894637
53,3. Some College,99.6894637
35,4. College Grad,99.6894637
42,3. Some College,99.6894637
26,3. Some College,99.6894637
25,3. Some College,99.6894637
70,3. Some College,99.6894637
30,2. HS Grad,99.6894637
45,4. College Grad,99.6894637
46,2. HS Grad,99.6894637
43,4. College Grad,99.6894637
38,5. Advanced Degree,99.6894637
31,3. Some College,99.6894637
28,3. Some College,99.6894637
32,3. Some College,99.6894637
66,1. < HS Grad,99.6894637
41,3. Some College,99.6894637
33,4. College Grad,99.6894637
29,5. Advanced Degree,99.6894637
44,2. HS Grad,99.6894637
49,2. HS Grad,99.6894637
33,2. HS Grad,99.6894637
62,4. College Grad,99.6894637
42,2. HS Grad,99.6894637
24,4. College Grad,99.6894637
31,2. HS Grad,99.6894637
49,2. HS Grad,99.6894637
28,3. Some College,99.6894637
26,2. HS Grad,99.6894637
29,4. College Grad,99.6894637
26,4. College Grad,99.6894637
27,4. College Grad,99.6894637
34,2. HS Grad,99.6894637
51,4. College Grad,99.6894637
26,4. College Grad,99.6894637
39,2. HS Grad,99.6894637
45,4. College Grad,99.6894637
77,2. HS Grad,99.6894637
61,3. Some College,99.6894637
27,3. Some College,99.6894637
25,3. Some College,99.6894637
28,5. Advanced Degree,99.6894637
53,4. College Grad,99.6894637
54,2. HS Grad,99.6894637
25,3. Some College,99.6894637
32,2. HS Grad,99.6894637
31,3. Some College,99.6894637
48,3. Some College,99.6894637
46,4. College Grad,99.6894637
47,2. HS Grad,99.6894637
41,3. Some College,99.6894637
34,2. HS Grad,99.6894637
22,2. HS Grad,99.6894637
27,3. Some College,99.6894637
37,2. HS Grad,99.6894637
38,2. HS Grad,99.6894637
38,3. Some College,99.6894637
38,3. Some College,99.6894637
66,5. Advanced Degree,99.6894637
35,2. HS Grad,99.6894637
55,3. Some College,99.6894637
36,1. < HS Grad,99.6894637
25,2. HS Grad,99.6894637
58,1. < HS Grad,99.6894637
56,3. Some College,99.6894637
56,4. College Grad,99.6894637
39,2. HS Grad,99.6894637
54,2. HS Grad,99.6894637
30,4. College Grad,99.6894637
53,3. Some College,99.6894637
56,3. Some College,99.6894637
45,3. Some College,99.6894637
31,3. Some College,99.6894637
29,1. < HS Grad,99.6894637
54,2. HS Grad,99.6894637
25,4. College Grad,99.6894637
31,2. HS Grad,99.6894637
47,3. Some College,99.6894637
44,4. College Grad,99.6894637
27,4. College Grad,99.6894637
50,2. HS Grad,99.6894637
39,4. College Grad,99.6894637
30,2. HS Grad,99.6894637
64,3. Some College,99.6894637
41,3. Some College,99.6894637
37,2. HS Grad,99.6894637
32,4. College Grad,99.6894637
33,4. College Grad,99.6894637
40,2. HS Grad,99.6894637
26,2. HS Grad,99.6894637
54,3. Some College,99.6894637
47,2. HS Grad,99.6894637
31,5. Advanced Degree,99.6894637
44,3. Some College,99.6894637
50,3. Some College,99.6894637
39,2. HS Grad,99.6894637
30,2. HS Grad,99.6894637
51,3. Some College,99.59198882
33,2. HS Grad,99.25528683
23,3. Some College,98.60153978
37,3. Some College,98.59934386
40,3. Some College,98.59934386
37,1. < HS Grad,98.59934386
34,2. HS Grad,98.59934386
45,2. HS Grad,98.59934386
42,3. Some College,98.59934386
35,4. College Grad,98.59934386
49,2. HS Grad,98.59934386
33,3. Some College,98.59934386
37,4. College Grad,98.59934386
55,4. College Grad,98.59934386
71,2. HS Grad,98.59934386
51,2. HS Grad,98.59934386
50,2. HS Grad,98.26923081
41,3. Some College,98.04835051
36,3. Some College,97.49329405
48,2. HS Grad,97.49329405
53,2. HS Grad,97.49329405
38,1. < HS Grad,97.49329405
38,3. Some College,97.49329405
44,3. Some College,97.49329405
44,2. HS Grad,97.49329405
51,4. College Grad,97.49329405
43,2. HS Grad,97.49329405
56,2. HS Grad,97.49329405
58,1. < HS Grad,97.49329405
50,2. HS Grad,97.49329405
48,4. College Grad,97.49329405
40,2. HS Grad,97.49329405
34,5. Advanced Degree,97.49329405
28,2. HS Grad,97.49329405
41,1. < HS Grad,97.49329405
48,3. Some College,97.49329405
45,2. HS Grad,97.49329405
26,2. HS Grad,97.49329405
35,3. Some College,97.49329405
37,5. Advanced Degree,97.49329405
57,2. HS Grad,97.49329405
57,2. HS Grad,97.49329405
31,5. Advanced Degree,97.49329405
37,3. Some College,97.49329405
28,2. HS Grad,97.49329405
26,4. College Grad,97.49329405
49,3. Some College,97.49329405
40,3. Some College,97.49329405
39,2. HS Grad,97.4710061
36,3. Some College,97.15827504
28,2. HS Grad,96.93409046
28,3. Some College,96.93409046
34,3. Some College,96.93409046
27,2. HS Grad,96.86670324
23,2. HS Grad,96.3977959
42,3. Some College,96.37065283
32,5. Advanced Degree,96.37065283
52,4. College Grad,96.37065283
44,1. < HS Grad,96.37065283
33,3. Some College,96.37065283
35,3. Some College,96.37065283
41,2. HS Grad,96.37065283
34,5. Advanced Degree,96.37065283
26,2. HS Grad,96.37065283
59,3. Some College,96.37065283
37,2. HS Grad,96.37065283
21,2. HS Grad,96.14407221
60,3. Some College,96.03165702
62,2. HS Grad,95.68881191
60,2. HS Grad,95.68881191
48,2. HS Grad,95.68881191
42,3. Some College,95.68881191
65,2. HS Grad,95.68881191
46,3. Some College,95.23071257
57,3. Some College,95.23071257
40,2. HS Grad,95.23071257
43,1. < HS Grad,95.23071257
36,3. Some College,95.23071257
30,5. Advanced Degree,95.23071257
50,2. HS Grad,95.23071257
30,3. Some College,95.23071257
28,4. College Grad,95.23071257
30,4. College Grad,95.23071257
52,4. College Grad,95.23071257
49,2. HS Grad,95.23071257
29,2. HS Grad,95.23071257
33,2. HS Grad,95.23071257
30,3. Some College,95.23071257
22,3. Some College,95.23071257
45,1. < HS Grad,95.23071257
50,3. Some College,95.23071257
39,4. College Grad,95.23071257
64,2. HS Grad,95.23071257
42,2. HS Grad,95.23071257
22,3. Some College,95.23071257
43,3. Some College,95.23071257
27,3. Some College,95.23071257
39,2. HS Grad,95.23071257
48,2. HS Grad,95.23071257
54,2. HS Grad,95.23071257
39,2. HS Grad,95.23071257
26,3. Some College,95.23071257
64,2. HS Grad,95.23071257
29,2. HS Grad,95.23071257
29,3. Some College,95.23071257
35,2. HS Grad,94.69569513
36,4. College Grad,94.65402038
34,2. HS Grad,94.5960991
38,2. HS Grad,94.07271475
58,2. HS Grad,94.07271475
40,1. < HS Grad,94.07271475
51,2. HS Grad,94.07271475
32,2. HS Grad,94.07271475
35,5. Advanced Degree,94.07271475
31,4. College Grad,94.07271475
37,2. HS Grad,94.07271475
26,3. Some College,94.07271475
25,3. Some College,94.07271475
31,3. Some College,94.07271475
44,2. HS Grad,94.07271475
41,4. College Grad,94.07271475
50,2. HS Grad,94.07271475
39,3. Some College,94.07271475
46,2. HS Grad,94.07271475
25,3. Some College,94.07271475
52,4. College Grad,94.07271475
38,2. HS Grad,94.07271475
44,2. HS Grad,94.07271475
25,2. HS Grad,94.07271475
24,4. College Grad,94.07271475
71,1. < HS Grad,94.07271475
23,4. College Grad,94.07271475
37,1. < HS Grad,94.07271475
54,2. HS Grad,94.07271475
50,4. College Grad,94.07271475
48,2. HS Grad,94.07271475
30,4. College Grad,94.07271475
44,3. Some College,94.07271475
51,2. HS Grad,94.07271475
28,2. HS Grad,94.07271475
66,4. College Grad,94.07271475
46,2. HS Grad,94.07271475
32,1. < HS Grad,94.07271475
45,2. HS Grad,94.07271475
52,3. Some College,94.07271475
40,2. HS Grad,94.07271475
37,3. Some College,94.07271475
47,2. HS Grad,94.07271475
26,4. College Grad,94.07271475
29,2. HS Grad,94.07271475
48,2. HS Grad,94.07271475
31,2. HS Grad,94.07271475
41,2. HS Grad,94.07271475
62,3. Some College,94.07271475
54,2. HS Grad,94.07271475
38,3. Some College,94.07271475
46,2. HS Grad,94.07271475
38,1. < HS Grad,94.07271475
80,3. Some College,94.07271475
31,3. Some College,94.07271475
57,1. < HS Grad,94.07271475
29,5. Advanced Degree,94.07271475
57,2. HS Grad,94.07271475
32,4. College Grad,94.07271475
22,4. College Grad,94.07271475
62,3. Some College,94.07271475
33,2. HS Grad,94.07271475
56,2. HS Grad,94.07271475
49,2. HS Grad,94.07271475
50,4. College Grad,94.07271475
44,4. College Grad,94.07271475
36,4. College Grad,94.07271475
23,3. Some College,94.07271475
47,2. HS Grad,94.07271475
45,2. HS Grad,94.07271475
40,3. Some College,94.07271475
34,2. HS Grad,94.07271475
49,2. HS Grad,94.07271475
40,3. Some College,94.07271475
49,2. HS Grad,94.07271475
31,2. HS Grad,94.07271475
53,4. College Grad,94.07271475
32,4. College Grad,94.07271475
51,4. College Grad,94.07271475
58,2. HS Grad,94.07271475
47,2. HS Grad,94.07271475
53,3. Some College,94.07271475
25,3. Some College,94.07271475
30,3. Some College,94.07271475
31,4. College Grad,94.07271475
37,3. Some College,94.07271475
38,2. HS Grad,93.93718158
30,2. HS Grad,93.87868349
59,5. Advanced Degree,93.72167396
27,2. HS Grad,93.55726735
46,2. HS Grad,93.48669204
26,3. Some College,93.48669204
60,1. < HS Grad,93.05348736
29,3. Some College,93.04401493
25,2. HS Grad,92.89584479
33,3. Some College,92.89584479
47,3. Some College,92.89584479
29,2. HS Grad,92.89584479
49,3. Some College,92.89584479
41,2. HS Grad,92.89584479
50,1. < HS Grad,92.89584479
34,1. < HS Grad,92.89584479
45,2. HS Grad,92.89584479
37,2. HS Grad,92.89584479
72,2. HS Grad,92.89584479
66,2. HS Grad,92.89584479
31,3. Some College,92.89584479
66,2. HS Grad,92.89584479
60,5. Advanced Degree,92.89584479
53,1. < HS Grad,92.89584479
47,2. HS Grad,92.89584479
41,5. Advanced Degree,92.89584479
73,1. < HS Grad,92.89584479
37,1. < HS Grad,92.89584479
52,2. HS Grad,92.89584479
45,2. HS Grad,92.79134808
37,2. HS Grad,92.72952791
52,2. HS Grad,92.65813017
31,3. Some College,92.65813017
38,2. HS Grad,92.65813017
40,2. HS Grad,92.30006143
52,2. HS Grad,92.16112203
31,4. College Grad,92.0363233
48,2. HS Grad,91.70163967
42,2. HS Grad,91.69922611
29,2. HS Grad,91.69922611
48,2. HS Grad,91.69922611
27,2. HS Grad,91.69922611
50,2. HS Grad,91.69922611
34,3. Some College,91.69922611
25,4. College Grad,91.69922611
43,3. Some College,91.69922611
54,3. Some College,91.69922611
32,2. HS Grad,91.69922611
25,3. Some College,91.69922611
38,5. Advanced Degree,91.69922611
63,5. Advanced Degree,91.69922611
40,3. Some College,91.69922611
50,2. HS Grad,91.69922611
42,2. HS Grad,91.69922611
62,2. HS Grad,91.69922611
46,2. HS Grad,91.69922611
40,5. Advanced Degree,91.69922611
26,4. College Grad,91.69922611
44,2. HS Grad,91.69922611
51,4. College Grad,91.69922611
39,3. Some College,91.69922611
36,3. Some College,91.69922611
41,3. Some College,91.69922611
42,2. HS Grad,91.60261566
35,5. Advanced Degree,91.09321847
52,3. Some College,91.09321847
49,3. Some College,90.72707931
51,3. Some College,90.48191336
34,2. HS Grad,90.48191336
41,1. < HS Grad,90.48191336
73,1. < HS Grad,90.48191336
23,2. HS Grad,90.48191336
29,4. College Grad,90.48191336
35,4. College Grad,90.48191336
34,4. College Grad,90.48191336
46,2. HS Grad,90.48191336
25,4. College Grad,90.48191336
43,2. HS Grad,90.48191336
22,3. Some College,90.48191336
28,1. < HS Grad,90.48191336
27,3. Some College,90.48191336
37,3. Some College,90.48191336
23,3. Some College,90.48191336
44,4. College Grad,90.48191336
41,2. HS Grad,90.48191336
47,2. HS Grad,90.48191336
43,1. < HS Grad,90.48191336
46,4. College Grad,90.48191336
46,3. Some College,90.48191336
28,4. College Grad,90.48191336
24,3. Some College,90.48191336
54,3. Some College,90.48191336
40,2. HS Grad,90.48191336
46,3. Some College,90.48191336
51,3. Some College,90.48191336
57,2. HS Grad,90.48191336
25,4. College Grad,90.48191336
64,2. HS Grad,90.48191336
58,1. < HS Grad,90.48191336
29,3. Some College,90.48191336
55,2. HS Grad,90.48191336
36,4. College Grad,89.88004678
35,2. HS Grad,89.49247952
25,3. Some College,89.49247952
29,2. HS Grad,89.49247952
41,1. < HS Grad,89.49247952
32,3. Some College,89.49247952
50,2. HS Grad,89.49247952
62,2. HS Grad,89.49247952
55,2. HS Grad,89.49247952
23,1. < HS Grad,89.49247952
54,2. HS Grad,89.49247952
38,2. HS Grad,89.49247952
32,2. HS Grad,89.49247952
38,2. HS Grad,89.49247952
30,2. HS Grad,89.49247952
42,2. HS Grad,89.49247952
33,3. Some College,89.24288466
50,3. Some College,89.24288466
47,1. < HS Grad,89.24288466
53,3. Some College,89.24288466
40,3. Some College,89.24288466
62,2. HS Grad,89.24288466
33,2. HS Grad,89.24288466
28,3. Some College,89.24288466
71,1. < HS Grad,89.24288466
41,3. Some College,89.24288466
42,2. HS Grad,89.24288466
41,1. < HS Grad,89.24288466
46,4. College Grad,89.24288466
29,3. Some College,89.24288466
59,1. < HS Grad,89.16782867
30,2. HS Grad,88.99237719
35,2. HS Grad,88.92960664
51,4. College Grad,88.83156917
40,2. HS Grad,88.81647397
33,3. Some College,88.29869947
36,1. < HS Grad,87.98230643
56,5. Advanced Degree,87.98103279
70,4. College Grad,87.98103279
41,3. Some College,87.98103279
44,1. < HS Grad,87.98103279
41,1. < HS Grad,87.98103279
58,2. HS Grad,87.98103279
52,2. HS Grad,87.98103279
30,4. College Grad,87.98103279
68,2. HS Grad,87.98103279
37,3. Some College,87.98103279
33,2. HS Grad,87.98103279
45,2. HS Grad,87.98103279
49,2. HS Grad,87.98103279
56,2. HS Grad,87.98103279
33,5. Advanced Degree,87.98103279
28,5. Advanced Degree,87.98103279
50,2. HS Grad,87.98103279
52,2. HS Grad,87.98103279
28,2. HS Grad,87.98103279
37,3. Some College,87.98103279
33,4. College Grad,87.98103279
48,2. HS Grad,87.98103279
29,4. College Grad,87.98103279
29,3. Some College,87.98103279
36,3. Some College,87.98103279
31,3. Some College,87.98103279
33,2. HS Grad,87.98103279
41,4. College Grad,87.98103279
38,2. HS Grad,87.98103279
29,5. Advanced Degree,87.98103279
29,3. Some College,87.98103279
50,1. < HS Grad,87.98103279
72,5. Advanced Degree,87.98103279
40,3. Some College,87.98103279
39,4. College Grad,87.98103279
53,2. HS Grad,87.98103279
36,2. HS Grad,87.98103279
27,3. Some College,87.98103279
28,3. Some College,87.98103279
65,2. HS Grad,87.98103279
46,2. HS Grad,87.98103279
65,4. College Grad,87.98103279
38,1. < HS Grad,87.98103279
50,2. HS Grad,87.98103279
47,1. < HS Grad,87.98103279
58,3. Some College,87.98103279
47,2. HS Grad,87.98103279
34,4. College Grad,87.98103279
56,4. College Grad,87.98103279
49,2. HS Grad,87.98103279
40,2. HS Grad,87.98103279
49,3. Some College,87.98103279
47,4. College Grad,87.98103279
31,4. College Grad,87.98103279
54,4. College Grad,87.98103279
39,2. HS Grad,87.98103279
62,2. HS Grad,87.98103279
29,4. College Grad,87.98103279
32,2. HS Grad,87.98103279
71,4. College Grad,87.98103279
57,5. Advanced Degree,87.98103279
33,3. Some College,87.98103279
51,1. < HS Grad,87.98103279
40,3. Some College,87.98103279
55,3. Some College,87.98103279
48,2. HS Grad,87.98103279
35,2. HS Grad,87.98103279
80,2. HS Grad,87.98103279
45,2. HS Grad,87.98103279
33,1. < HS Grad,87.98103279
43,2. HS Grad,87.98103279
44,1. < HS Grad,87.98103279
40,3. Some College,87.98103279
45,2. HS Grad,87.98103279
33,1. < HS Grad,87.98103279
57,3. Some College,87.98103279
26,3. Some College,87.98103279
32,4. College Grad,87.98103279
23,1. < HS Grad,87.98103279
55,2. HS Grad,87.98103279
46,2. HS Grad,87.98103279
25,3. Some College,87.98103279
24,2. HS Grad,87.98103279
23,2. HS Grad,87.98103279
49,1. < HS Grad,87.98103279
30,2. HS Grad,87.98103279
33,3. Some College,87.98103279
23,1. < HS Grad,87.98103279
68,2. HS Grad,87.98103279
55,4. College Grad,87.98103279
44,1. < HS Grad,87.98103279
36,2. HS Grad,87.98103279
41,3. Some College,87.98103279
39,4. College Grad,87.98103279
40,3. Some College,87.98103279
40,5. Advanced Degree,87.98103279
50,2. HS Grad,87.98103279
50,2. HS Grad,87.98103279
67,1. < HS Grad,87.98103279
44,4. College Grad,87.98103279
48,2. HS Grad,87.98103279
59,3. Some College,87.98103279
54,2. HS Grad,87.98103279
58,1. < HS Grad,87.98103279
25,2. HS Grad,87.98103279
22,2. HS Grad,87.98103279
53,2. HS Grad,87.98103279
27,3. Some College,87.98103279
38,2. HS Grad,87.8535469
48,3. Some College,87.78843622
37,2. HS Grad,87.38744997
36,2. HS Grad,86.91032774
43,1. < HS Grad,86.69515483
29,3. Some College,86.69515483
33,4. College Grad,86.69515483
47,4. College Grad,86.69515483
54,3. Some College,86.69515483
51,2. HS Grad,86.69515483
30,1. < HS Grad,86.69515483
41,3. Some College,86.69515483
56,2. HS Grad,86.69515483
26,2. HS Grad,86.69515483
52,3. Some College,86.69515483
36,3. Some College,86.69515483
25,2. HS Grad,86.69515483
54,2. HS Grad,86.69515483
32,3. Some College,86.17378673
35,2. HS Grad,86.04280113
35,1. < HS Grad,85.90104432
27,2. HS Grad,85.38658902
75,4. College Grad,85.38394038
42,2. HS Grad,85.38394038
42,2. HS Grad,85.38394038
55,1. < HS Grad,85.38394038
33,3. Some College,85.38394038
52,3. Some College,85.38394038
60,4. College Grad,85.38394038
48,5. Advanced Degree,85.38394038
58,2. HS Grad,85.38394038
44,3. Some College,85.38394038
24,2. HS Grad,85.38394038
30,2. HS Grad,85.38394038
47,2. HS Grad,85.38394038
42,2. HS Grad,85.38394038
41,3. Some College,85.38394038
39,2. HS Grad,85.38394038
37,2. HS Grad,85.38394038
25,4. College Grad,85.38394038
47,3. Some College,85.38394038
56,4. College Grad,85.38394038
23,2. HS Grad,85.38394038
48,1. < HS Grad,85.38394038
53,2. HS Grad,85.38394038
42,2. HS Grad,85.38394038
29,3. Some College,85.38394038
46,5. Advanced Degree,85.38394038
42,2. HS Grad,85.38394038
25,4. College Grad,85.38394038
27,2. HS Grad,85.38394038
40,2. HS Grad,85.38394038
50,2. HS Grad,85.38394038
49,2. HS Grad,85.38394038
56,1. < HS Grad,85.38394038
40,3. Some College,85.11853342
47,2. HS Grad,84.85204409
37,4. College Grad,84.7183897
48,2. HS Grad,84.52946902
37,3. Some College,84.45025367
46,2. HS Grad,84.39111475
46,4. College Grad,84.31576886
28,3. Some College,84.10001012
43,2. HS Grad,84.04595765
23,2. HS Grad,84.04595765
40,2. HS Grad,84.04595765
39,3. Some College,84.04595765
27,1. < HS Grad,84.04595765
32,4. College Grad,84.04595765
28,2. HS Grad,84.04595765
31,2. HS Grad,84.04595765
32,4. College Grad,84.04595765
21,2. HS Grad,84.04595765
25,2. HS Grad,84.04595765
47,3. Some College,84.04595765
33,4. College Grad,84.04595765
26,2. HS Grad,84.04595765
63,4. College Grad,84.04595765
21,2. HS Grad,84.04595765
45,2. HS Grad,84.04595765
32,2. HS Grad,84.04595765
38,3. Some College,84.04595765
30,3. Some College,84.04595765
36,3. Some College,83.32134154
41,5. Advanced Degree,83.19132429
49,3. Some College,82.74175417
57,2. HS Grad,82.68239934
37,4. College Grad,82.6796373
46,2. HS Grad,82.6796373
50,5. Advanced Degree,82.6796373
40,3. Some College,82.6796373
28,1. < HS Grad,82.6796373
61,5. Advanced Degree,82.6796373
30,3. Some College,82.6796373
20,3. Some College,82.6796373
40,1. < HS Grad,82.6796373
54,2. HS Grad,82.6796373
43,1. < HS Grad,82.6796373
53,2. HS Grad,82.6796373
33,2. HS Grad,82.6796373
51,1. < HS Grad,82.6796373
34,4. College Grad,82.6796373
34,2. HS Grad,82.6796373
28,2. HS Grad,82.6796373
41,4. College Grad,82.6796373
80,2. HS Grad,82.6796373
45,4. College Grad,82.6796373
45,2. HS Grad,82.6796373
47,2. HS Grad,82.6796373
41,2. HS Grad,82.6796373
51,2. HS Grad,82.6796373
31,3. Some College,82.6796373
50,4. College Grad,82.6796373
27,2. HS Grad,82.6796373
42,2. HS Grad,82.6796373
44,1. < HS Grad,82.6796373
47,1. < HS Grad,82.6796373
26,4. College Grad,82.6796373
43,3. Some College,82.6796373
34,2. HS Grad,82.6796373
25,1. < HS Grad,82.6796373
33,3. Some College,82.6796373
20,3. Some College,82.6796373
56,3. Some College,81.98531783
50,2. HS Grad,81.98531783
48,1. < HS Grad,81.69842172
53,4. College Grad,81.63526865
36,3. Some College,81.44683486
34,2. HS Grad,81.28607729
34,2. HS Grad,81.28325328
33,5. Advanced Degree,81.28325328
39,2. HS Grad,81.28325328
22,2. HS Grad,81.28325328
31,2. HS Grad,81.28325328
25,2. HS Grad,81.28325328
23,1. < HS Grad,81.28325328
22,2. HS Grad,81.28325328
66,1. < HS Grad,81.28325328
26,2. HS Grad,81.28325328
43,4. College Grad,81.28325328
33,1. < HS Grad,81.28325328
29,4. College Grad,81.28325328
34,2. HS Grad,81.28325328
55,2. HS Grad,81.28325328
59,2. HS Grad,81.28325328
22,2. HS Grad,81.28325328
25,3. Some College,81.28325328
27,4. College Grad,81.28325328
59,2. HS Grad,81.28325328
34,3. Some College,81.28325328
59,2. HS Grad,81.28325328
31,4. College Grad,81.28325328
51,3. Some College,81.28325328
50,5. Advanced Degree,81.28325328
25,1. < HS Grad,81.28325328
32,2. HS Grad,81.28325328
31,2. HS Grad,81.28325328
38,4. College Grad,81.28325328
23,2. HS Grad,81.28325328
50,2. HS Grad,81.28325328
27,4. College Grad,81.28325328
43,1. < HS Grad,81.28325328
42,3. Some College,81.28325328
37,1. < HS Grad,81.28325328
39,2. HS Grad,81.28325328
31,1. < HS Grad,81.28325328
55,2. HS Grad,81.28325328
36,2. HS Grad,81.28325328
52,2. HS Grad,81.28325328
62,1. < HS Grad,81.28325328
23,3. Some College,81.28325328
47,4. College Grad,81.28325328
49,1. < HS Grad,81.28325328
43,2. HS Grad,81.28325328
41,2. HS Grad,81.28325328
44,1. < HS Grad,81.28325328
22,2. HS Grad,81.28325328
33,2. HS Grad,81.28325328
52,2. HS Grad,81.28325328
55,1. < HS Grad,81.28325328
56,1. < HS Grad,81.28325328
35,3. Some College,81.28325328
35,2. HS Grad,81.28325328
39,5. Advanced Degree,81.28325328
41,3. Some College,81.28325328
31,2. HS Grad,81.28325328
51,2. HS Grad,81.28325328
40,4. College Grad,81.28325328
51,1. < HS Grad,81.28325328
20,2. HS Grad,81.28325328
47,5. Advanced Degree,81.28325328
30,4. College Grad,81.28325328
45,3. Some College,81.28325328
30,3. Some College,81.28325328
53,1. < HS Grad,81.28325328
37,4. College Grad,81.28325328
57,2. HS Grad,81.28325328
55,2. HS Grad,81.28325328
31,3. Some College,81.28325328
39,2. HS Grad,81.28325328
61,2. HS Grad,81.28325328
33,2. HS Grad,81.28325328
25,2. HS Grad,81.28325328
59,4. College Grad,81.28325328
22,3. Some College,81.28325328
33,3. Some College,81.28325328
32,1. < HS Grad,81.28325328
30,2. HS Grad,81.28325328
58,2. HS Grad,81.28325328
47,3. Some College,81.28325328
22,3. Some College,81.28325328
39,2. HS Grad,81.28325328
40,1. < HS Grad,81.28325328
45,2. HS Grad,81.28325328
27,3. Some College,81.28325328
33,1. < HS Grad,81.28325328
24,2. HS Grad,81.28325328
23,2. HS Grad,81.22674631
69,2. HS Grad,81.22674631
40,3. Some College,80.85819596
62,2. HS Grad,80.57319971
27,4. College Grad,80.57319971
53,2. HS Grad,80.57319971
31,5. Advanced Degree,80.57319971
54,1. < HS Grad,80.48744436
34,2. HS Grad,80.43020795
22,3. Some College,80.43020795
40,2. HS Grad,79.85490031
80,2. HS Grad,79.85490031
49,2. HS Grad,79.85490031
61,4. College Grad,79.85490031
33,3. Some College,79.85490031
42,2. HS Grad,79.85490031
58,4. College Grad,79.85490031
58,2. HS Grad,79.85490031
56,1. < HS Grad,79.85490031
52,2. HS Grad,79.85490031
30,2. HS Grad,79.85490031
25,1. < HS Grad,79.85490031
34,2. HS Grad,79.85490031
44,2. HS Grad,79.85490031
43,3. Some College,79.85490031
43,1. < HS Grad,79.85490031
25,1. < HS Grad,79.85490031
50,2. HS Grad,79.85490031
39,2. HS Grad,79.85490031
55,1. < HS Grad,79.85490031
51,2. HS Grad,79.85490031
49,4. College Grad,79.85490031
33,1. < HS Grad,79.85490031
29,2. HS Grad,79.85490031
47,2. HS Grad,79.85490031
29,2. HS Grad,79.85490031
44,2. HS Grad,79.85490031
23,4. College Grad,79.85490031
29,3. Some College,79.85490031
54,2. HS Grad,79.85490031
49,2. HS Grad,79.85490031
27,1. < HS Grad,79.85490031
61,5. Advanced Degree,79.1280845
42,2. HS Grad,78.98460618
62,2. HS Grad,78.98167452
43,2. HS Grad,78.98167452
34,4. College Grad,78.3924668
70,2. HS Grad,78.3924668
47,1. < HS Grad,78.3924668
37,2. HS Grad,78.3924668
44,1. < HS Grad,78.3924668
40,3. Some College,78.3924668
50,4. College Grad,78.3924668
48,2. HS Grad,78.3924668
22,4. College Grad,78.3924668
47,2. HS Grad,78.3924668
48,3. Some College,78.3924668
37,2. HS Grad,78.3924668
22,3. Some College,78.3924668
39,2. HS Grad,78.3924668
26,3. Some College,78.3924668
23,2. HS Grad,78.346562
39,2. HS Grad,78.21457569
51,2. HS Grad,78.21457569
54,2. HS Grad,78.15516141
69,2. HS Grad,77.7376033
36,1. < HS Grad,77.49768139
25,2. HS Grad,77.49768139
60,1. < HS Grad,77.04520085
25,2. HS Grad,76.89360252
33,1. < HS Grad,76.89360252
34,3. Some College,76.89360252
46,2. HS Grad,76.89360252
32,2. HS Grad,76.89360252
28,2. HS Grad,76.89360252
52,2. HS Grad,76.89360252
24,2. HS Grad,76.89360252
54,2. HS Grad,76.89360252
27,2. HS Grad,76.89360252
20,2. HS Grad,76.89360252
67,4. College Grad,76.89360252
26,4. College Grad,76.89360252
20,2. HS Grad,76.89360252
44,1. < HS Grad,76.89360252
18,2. HS Grad,76.89360252
51,3. Some College,76.89360252
60,2. HS Grad,76.89360252
25,2. HS Grad,76.89360252
35,3. Some College,76.89360252
76,4. College Grad,76.89360252
45,2. HS Grad,76.89360252
51,3. Some College,76.89360252
50,2. HS Grad,76.89360252
19,2. HS Grad,76.89360252
32,3. Some College,76.89360252
26,3. Some College,76.89360252
59,2. HS Grad,76.89360252
23,4. College Grad,76.89360252
36,2. HS Grad,76.89360252
27,1. < HS Grad,76.4884434
39,2. HS Grad,76.43645437
44,4. College Grad,76.40585107
31,3. Some College,76.28327785
22,4. College Grad,76.28327785
28,2. HS Grad,76.12969964
37,2. HS Grad,75.89548482
44,2. HS Grad,75.8522372
40,3. Some College,75.61069586
49,2. HS Grad,75.35567932
55,1. < HS Grad,75.35567932
23,2. HS Grad,75.35567932
73,2. HS Grad,75.35567932
58,1. < HS Grad,75.35567932
45,3. Some College,75.35567932
24,2. HS Grad,75.35567932
20,2. HS Grad,75.35567932
57,4. College Grad,75.35567932
32,2. HS Grad,75.35567932
35,2. HS Grad,75.35567932
41,1. < HS Grad,75.35567932
37,2. HS Grad,75.35567932
39,1. < HS Grad,75.35567932
23,4. College Grad,75.35567932
40,2. HS Grad,75.35567932
31,3. Some College,75.35567932
56,3. Some College,75.35567932
35,2. HS Grad,75.19962815
18,1. < HS Grad,75.04315402
50,2. HS Grad,75.04315402
53,2. HS Grad,75.04315402
37,2. HS Grad,75.04315402
42,2. HS Grad,75.04315402
20,2. HS Grad,75.04315402
40,1. < HS Grad,75.04315402
63,2. HS Grad,75.04315402
58,2. HS Grad,75.04315402
22,2. HS Grad,75.04315402
56,2. HS Grad,75.04315402
21,1. < HS Grad,75.04315402
26,2. HS Grad,75.04315402
22,2. HS Grad,75.04315402
20,3. Some College,75.04315402
22,1. < HS Grad,75.04315402
24,3. Some College,74.57116177
42,3. Some College,74.4446382
46,5. Advanced Degree,74.43830467
34,1. < HS Grad,74.41296351
24,3. Some College,73.93571929
39,2. HS Grad,73.77734527
50,1. < HS Grad,73.77574327
45,2. HS Grad,73.77574327
27,1. < HS Grad,73.77574327
25,1. < HS Grad,73.77574327
27,2. HS Grad,73.77574327
23,2. HS Grad,73.77574327
57,4. College Grad,73.77574327
29,2. HS Grad,73.77574327
25,2. HS Grad,73.77574327
24,2. HS Grad,73.77574327
26,3. Some College,73.77574327
65,1. < HS Grad,73.77574327
63,1. < HS Grad,73.77574327
35,1. < HS Grad,73.77574327
45,2. HS Grad,73.77574327
59,5. Advanced Degree,73.77574327
23,3. Some College,73.77574327
24,2. HS Grad,73.77574327
31,4. College Grad,73.77574327
39,1. < HS Grad,73.77574327
35,1. < HS Grad,73.77574327
60,1. < HS Grad,73.77574327
59,3. Some College,73.77574327
35,2. HS Grad,73.77574327
62,5. Advanced Degree,73.77574327
29,5. Advanced Degree,73.77574327
32,2. HS Grad,73.77574327
22,3. Some College,73.77574327
26,2. HS Grad,73.77574327
29,1. < HS Grad,73.77574327
52,2. HS Grad,73.77574327
35,2. HS Grad,73.77574327
22,3. Some College,73.77574327
22,3. Some College,73.77574327
40,3. Some College,73.77574327
46,1. < HS Grad,73.77574327
45,2. HS Grad,73.77574327
39,4. College Grad,73.77574327
43,2. HS Grad,73.77574327
54,1. < HS Grad,73.77574327
43,4. College Grad,73.77574327
40,3. Some College,73.77574327
19,2. HS Grad,73.77574327
48,1. < HS Grad,73.77574327
41,4. College Grad,73.77574327
41,3. Some College,73.77574327
32,2. HS Grad,73.77574327
23,2. HS Grad,73.77574327
43,4. College Grad,73.77574327
32,2. HS Grad,73.77574327
43,2. HS Grad,73.77574327
50,2. HS Grad,73.77574327
39,2. HS Grad,73.77574327
51,2. HS Grad,73.77574327
32,2. HS Grad,73.77574327
41,3. Some College,73.77574327
47,4. College Grad,73.77574327
37,1. < HS Grad,73.77574327
48,3. Some College,73.77574327
53,1. < HS Grad,73.77574327
33,1. < HS Grad,73.77574327
39,2. HS Grad,73.77574327
33,2. HS Grad,73.77574327
26,1. < HS Grad,73.77574327
54,5. Advanced Degree,73.77574327
52,2. HS Grad,73.77574327
76,3. Some College,73.77574327
23,3. Some College,73.77574327
18,2. HS Grad,73.77574327
44,2. HS Grad,73.77574327
34,2. HS Grad,73.77574327
40,2. HS Grad,73.77574327
29,2. HS Grad,73.77574327
23,2. HS Grad,73.45442826
36,2. HS Grad,73.29308207
58,4. College Grad,73.11830692
49,2. HS Grad,72.56122831
43,2. HS Grad,72.4793163
54,3. Some College,72.4793163
20,1. < HS Grad,72.4793163
27,2. HS Grad,72.15045568
24,2. HS Grad,72.15045568
23,1. < HS Grad,72.15045568
49,2. HS Grad,72.15045568
21,2. HS Grad,72.15045568
52,4. College Grad,72.15045568
34,1. < HS Grad,72.15045568
36,2. HS Grad,72.15045568
18,2. HS Grad,72.15045568
28,2. HS Grad,72.15045568
22,2. HS Grad,72.15045568
20,3. Some College,72.15045568
43,2. HS Grad,72.15045568
34,1. < HS Grad,72.15045568
40,1. < HS Grad,72.15045568
56,2. HS Grad,71.68674367
44,1. < HS Grad,71.68674367
47,1. < HS Grad,71.68674367
30,2. HS Grad,71.68674367
65,2. HS Grad,71.31963879
44,4. College Grad,71.15195654
43,2. HS Grad,70.90958587
51,1. < HS Grad,70.81503862
30,1. < HS Grad,70.81503862
37,2. HS Grad,70.81503862
57,5. Advanced Degree,70.81503862
41,2. HS Grad,70.81503862
20,3. Some College,70.81503862
35,1. < HS Grad,70.81503862
25,2. HS Grad,70.81503862
32,2. HS Grad,70.81503862
22,2. HS Grad,70.66104767
30,3. Some College,70.5134157
24,4. College Grad,70.47601965
18,2. HS Grad,70.47601965
21,2. HS Grad,70.47601965
49,3. Some College,70.47601965
51,2. HS Grad,70.47601965
37,1. < HS Grad,70.47601965
44,1. < HS Grad,70.47601965
48,2. HS Grad,70.47601965
41,4. College Grad,70.47601965
58,1. < HS Grad,70.47601965
44,1. < HS Grad,70.47601965
38,2. HS Grad,70.47601965
53,2. HS Grad,70.47601965
39,1. < HS Grad,70.47601965
48,2. HS Grad,70.47601965
32,5. Advanced Degree,70.47601965
19,2. HS Grad,70.47601965
30,2. HS Grad,70.47601965
58,4. College Grad,70.47601965
50,4. College Grad,70.47601965
52,3. Some College,70.47601965
66,2. HS Grad,70.47601965
24,2. HS Grad,70.47601965
20,2. HS Grad,70.47601965
34,1. < HS Grad,70.47601965
74,4. College Grad,70.47601965
45,1. < HS Grad,70.47601965
40,1. < HS Grad,70.47601965
20,2. HS Grad,69.92912721
30,3. Some College,69.79153085
18,1. < HS Grad,69.6190369
25,1. < HS Grad,69.6190369
25,1. < HS Grad,69.09818381
48,4. College Grad,69.01087662
34,3. Some College,68.74808773
46,1. < HS Grad,68.74808773
43,2. HS Grad,68.74808773
41,1. < HS Grad,68.74808773
23,1. < HS Grad,68.74808773
39,1. < HS Grad,68.74808773
34,1. < HS Grad,68.74808773
44,5. Advanced Degree,68.74808773
19,2. HS Grad,68.74808773
28,3. Some College,68.74808773
51,2. HS Grad,68.74808773
39,1. < HS Grad,68.74808773
37,1. < HS Grad,68.74808773
40,2. HS Grad,68.5721657
35,2. HS Grad,68.50868966
22,2. HS Grad,68.3956538
23,3. Some College,68.11199407
28,2. HS Grad,68.11199407
52,1. < HS Grad,68.11199407
32,2. HS Grad,68.11199407
53,1. < HS Grad,68.07642829
39,1. < HS Grad,67.86252341
50,2. HS Grad,67.82678713
59,3. Some College,67.36898208
51,2. HS Grad,67.17929148
28,2. HS Grad,67.14308075
25,2. HS Grad,66.96164432
46,4. College Grad,66.96164432
32,1. < HS Grad,66.96164432
48,4. College Grad,66.96164432
26,2. HS Grad,66.96164432
32,1. < HS Grad,66.96164432
45,2. HS Grad,66.96164432
53,2. HS Grad,66.96164432
26,2. HS Grad,66.96164432
40,2. HS Grad,66.96164432
26,2. HS Grad,66.96164432
24,3. Some College,66.32519494
24,2. HS Grad,66.23309573
27,1. < HS Grad,66.22940829
25,1. < HS Grad,66.22940829
24,2. HS Grad,66.22940829
28,2. HS Grad,66.22940829
31,2. HS Grad,66.22940829
28,2. HS Grad,66.22940829
24,2. HS Grad,66.22940829
23,2. HS Grad,66.22940829
33,3. Some College,66.22940829
48,2. HS Grad,66.22940829
27,1. < HS Grad,66.22940829
55,5. Advanced Degree,66.04469423
22,4. College Grad,66.04469423
45,3. Some College,65.26143902
33,2. HS Grad,65.11462388
34,2. HS Grad,65.11085372
51,2. HS Grad,65.11085372
27,1. < HS Grad,65.11085372
49,2. HS Grad,65.11085372
47,2. HS Grad,65.11085372
58,2. HS Grad,65.11085372
23,3. Some College,65.11085372
40,1. < HS Grad,65.11085372
27,2. HS Grad,65.11085372
61,2. HS Grad,65.11085372
19,1. < HS Grad,65.11085372
35,2. HS Grad,65.11085372
54,1. < HS Grad,65.11085372
48,2. HS Grad,65.11085372
52,4. College Grad,65.11085372
42,2. HS Grad,65.11085372
23,1. < HS Grad,65.11085372
20,2. HS Grad,65.11085372
19,1. < HS Grad,65.11085372
47,4. College Grad,65.11085372
45,2. HS Grad,65.11085372
35,1. < HS Grad,65.11085372
35,1. < HS Grad,65.11085372
43,2. HS Grad,65.11085372
40,2. HS Grad,65.11085372
43,1. < HS Grad,65.11085372
31,1. < HS Grad,65.11085372
18,1. < HS Grad,65.11085372
23,1. < HS Grad,65.11085372
54,1. < HS Grad,65.11085372
32,1. < HS Grad,65.11085372
36,2. HS Grad,65.11085372
39,2. HS Grad,65.11085372
52,5. Advanced Degree,65.11085372
43,1. < HS Grad,65.11085372
44,2. HS Grad,65.11085372
41,2. HS Grad,65.11085372
43,2. HS Grad,65.11085372
37,2. HS Grad,65.11085372
25,4. College Grad,65.11085372
57,2. HS Grad,65.11085372
48,1. < HS Grad,64.86896919
28,2. HS Grad,64.54207487
20,2. HS Grad,64.35102457
63,3. Some College,64.27439722
25,2. HS Grad,64.15923257
33,1. < HS Grad,63.96669083
33,2. HS Grad,63.7733912
36,5. Advanced Degree,63.188861
24,3. Some College,63.188861
35,1. < HS Grad,63.188861
55,4. College Grad,63.188861
27,3. Some College,63.188861
22,3. Some College,63.188861
39,2. HS Grad,63.188861
21,2. HS Grad,63.188861
30,2. HS Grad,63.188861
22,4. College Grad,63.188861
39,2. HS Grad,63.09271673
33,2. HS Grad,62.91365497
38,1. < HS Grad,62.39835472
29,4. College Grad,62.23868126
36,2. HS Grad,62.19867943
35,1. < HS Grad,62.19867943
62,1. < HS Grad,62.03030461
23,3. Some College,61.59458318
58,2. HS Grad,61.59458318
23,4. College Grad,61.18752643
47,1. < HS Grad,61.18752643
25,2. HS Grad,61.18752643
31,2. HS Grad,61.18752643
20,2. HS Grad,61.18752643
28,1. < HS Grad,61.18752643
29,4. College Grad,61.18752643
27,2. HS Grad,61.18752643
32,2. HS Grad,61.18752643
52,2. HS Grad,61.18752643
50,2. HS Grad,61.05242105
36,4. College Grad,60.73977852
34,3. Some College,60.15412466
56,2. HS Grad,60.15412466
25,2. HS Grad,59.73422334
29,2. HS Grad,59.62864555
30,1. < HS Grad,59.62864555
22,2. HS Grad,59.09706408
35,1. < HS Grad,59.09706408
20,3. Some College,59.09706408
20,2. HS Grad,59.09706408
44,2. HS Grad,59.09706408
24,3. Some College,59.09706408
30,2. HS Grad,59.09706408
67,2. HS Grad,59.09706408
58,5. Advanced Degree,59.09706408
22,3. Some College,59.09706408
50,2. HS Grad,59.09706408
60,1. < HS Grad,59.09706408
35,2. HS Grad,59.09706408
18,3. Some College,59.09706408
23,2. HS Grad,59.09706408
35,3. Some College,59.09706408
51,2. HS Grad,59.03285483
37,3. Some College,58.01478201
49,2. HS Grad,57.97094218
37,2. HS Grad,57.46364704
33,3. Some College,57.35259108
61,2. HS Grad,56.90553914
28,4. College Grad,56.90553914
32,3. Some College,56.90553914
26,2. HS Grad,56.90553914
42,1. < HS Grad,56.90553914
36,2. HS Grad,56.90553914
34,2. HS Grad,56.90553914
25,3. Some College,56.45386498
56,5. Advanced Degree,56.45386498
18,2. HS Grad,55.99743383
21,2. HS Grad,55.76739051
60,2. HS Grad,55.76739051
63,4. College Grad,55.53610442
33,2. HS Grad,55.06972842
50,4. College Grad,54.59815003
55,1. < HS Grad,54.59815003
47,2. HS Grad,54.59815003
53,1. < HS Grad,54.59815003
46,1. < HS Grad,54.59815003
28,1. < HS Grad,54.59815003
19,2. HS Grad,54.59815003
36,2. HS Grad,54.59815003
32,1. < HS Grad,54.59815003
25,3. Some College,54.59815003
25,2. HS Grad,54.59815003
50,2. HS Grad,54.59815003
21,2. HS Grad,54.59815003
37,4. College Grad,54.59815003
23,2. HS Grad,54.59815003
19,1. < HS Grad,54.59815003
58,1. < HS Grad,54.59815003
28,3. Some College,54.59815003
27,4. College Grad,54.59815003
43,1. < HS Grad,54.59815003
23,1. < HS Grad,54.59815003
25,4. College Grad,54.59815003
22,2. HS Grad,54.59815003
59,1. < HS Grad,54.1212054
22,4. College Grad,54.02996518
21,2. HS Grad,53.63872202
75,1. < HS Grad,53.39534689
30,3. Some College,53.02755112
24,2. HS Grad,52.40706405
52,2. HS Grad,52.15617117
19,2. HS Grad,51.90369627
49,2. HS Grad,51.75144037
24,1. < HS Grad,51.52195631
47,2. HS Grad,51.23965492
50,2. HS Grad,50.41192284
40,2. HS Grad,50.40666086
70,4. College Grad,50.35400164
64,4. College Grad,49.55533812
18,1. < HS Grad,49.55533812
43,2. HS Grad,49.55533812
46,2. HS Grad,49.55533812
21,3. Some College,49.55533812
48,2. HS Grad,49.55533812
23,2. HS Grad,49.55533812
42,2. HS Grad,49.55533812
32,4. College Grad,49.55533812
25,4. College Grad,49.55533812
48,2. HS Grad,48.18565022
38,2. HS Grad,48.18565022
32,3. Some College,47.93367133
49,2. HS Grad,47.90556704
52,1. < HS Grad,47.74778451
39,2. HS Grad,47.3389061
52,4. College Grad,46.7632688
55,4. College Grad,46.7632688
50,1. < HS Grad,46.7632688
20,3. Some College,46.36650274
43,1. < HS Grad,45.28216999
22,3. Some College,44.97829203
31,2. HS Grad,43.73511168
22,3. Some College,43.73511168
44,2. HS Grad,43.73511168
19,3. Some College,43.73511168
20,2. HS Grad,43.73511168
24,4. College Grad,43.73511168
46,2. HS Grad,43.73511168
40,2. HS Grad,43.73511168
18,1. < HS Grad,41.7049905
19,3. Some College,41.44121303
45,5. Advanced Degree,41.09980363
31,1. < HS Grad,40.40566526
23,1. < HS Grad,40.40566526
69,2. HS Grad,40.40566526
56,4. College Grad,40.40566526
73,1. < HS Grad,40.19437052
41,5. Advanced Degree,38.60591452
26,4. College Grad,38.22358282
23,4. College Grad,36.6737042
45,4. College Grad,36.6737042
43,2. HS Grad,36.6737042
23,3. Some College,35.03342132
60,2. HS Grad,35.03342132
28,4. College Grad,34.60741773
22,3. Some College,34.60741773
37,2. HS Grad,34.60741773
22,2. HS Grad,34.60741773
42,4. College Grad,32.36641317
58,4. College Grad,32.36641317
58,2. HS Grad,32.36641317
22,3. Some College,32.36641317
19,2. HS Grad,31.41099627
19,3. Some College,30.92375269
21,2. HS Grad,29.3769761
40,2. HS Grad,27.14057921
19,1. < HS Grad,27.14057921
23,3. Some College,27.14057921
47,2. HS Grad,27.14057921
62,3. Some College,25.2910081
38,3. Some College,23.95294448
48,2. HS Grad,23.95294448
27,2. HS Grad,23.27470405
52,3. Some College,22.96240068
33,1. < HS Grad,20.93437794
43,3. Some College,20.08553692
